Москва,2561.5,2562.61281628483,12692466,2020,4955.09,2.07,7.2,0.5
Санкт-Петербург,1439,2293.99714696017,5392992,2020,3843.9,1.93,7.2,0.8
Новосибирск,502.7,480.886129899794,1618039,2019,3200.11,1.55,16,2
Екатеринбург,468,398.417378439697,1483119,2019,3169.06,1.85,9.7,1.3
Нижний Новгород,410.68,316.709310559988,1253511,2019,3052.28,1.61,9.5,1.2
Казань,425.3,635.9023222837,1251969,2019,1915,1.93,7.2,0.8
Челябинск,500.91,504.619001681151,1195446,2020,2386.55,1.48,13.3,1.4
Омск,566.9,580.518525932564,1164815,2019,2054.71,1.51,13.5,1.8
Самара,,543.719353806897,1156644,2019,2136.13,1.56,13.1,1.7
Ростов-на-Дону,348.5,356.061861184973,1133307,2019,3251.96,1.48,13.3,2
Уфа,707.93,667.521577967151,1124226,2019,1588.05,1.54,12.1,1.9
Красноярск,353.9,377.978595169044,1095286,2019,2765,1.48,18.2,3
Воронеж,596.51,601.776818415281,1054111,2019,1767.84,1.61,8.9,1.1
Пермь,801.44,807.268489243378,1053938,2019,1317.95,1.5,14.9,2.4
Волгоград,859.353,861.558637791496,1013468,2019,1179.34,1.35,13.9,1.5
Краснодар,339.31,240.718631800287,918145,2019,2705.92,1.64,10.9,1.5
Рязань,224.163,223.837391245596,540069,2019,2406,1.4,12.7,1.5
Саратов,394,389.942990518293,841902,2019,2136.81,1.35,16.2,2.1
Тюмень,698,472.868234307284,788667,2019,1129.89,1.52,14.7,2.2
Тольятти,314.78,285.629235825418,707408,2018,2232.77,1.56,13.1,1.7
Ижевск,315.15,318.372249501634,648944,2019,2059.16,1.43,12,1.3
Барнаул,322.01,325.075264806117,632723,2019,1964.92,1.31,17.8,2.7
Ульяновск,622.46,326.722892244081,627870,2019,1008.63,1.32,15.3,1.9
Альметьевск,118,,157310,2019,1368.15,1.93,7.2,0.8
Иркутск,277,265.29504706854,623479,2019,2250.83,1.36,18.1,2.3
Хабаровск,383,389.085859431793,617473,2019,1599.67,1.71,12,1.6
Ярославль,205.8,214.631157351854,609828,2019,2963.21,1.47,10.5,1
Владивосток,331.16,329.590717686298,605049,2019,1827.06,1.51,13.9,2
Махачкала,,139.064831673492,601286,2019,1284.44,1.48,15.2,2.3
Томск,294.6,168.14588411801,575352,2019,1952.99,1.45,15.7,2
Оренбург,259,257.916445402731,571449,2019,22064,1.43,13.8,1.9
Кемерово,294.8,322.616724424181,558662,2019,1895.05,1.4,15,1.7
Новокузнецк,424.27,426.40121255525,552105,2019,1301.31,1.4,15,1.7
Астрахань,208.7,208.080036227906,534241,2019,2559.97,1.36,16,2.1
Набережные Челны,171,171.094089170677,533907,2019,2949.76,1.93,7.2,0.8
Пенза,290.377,302.303670132223,522317,2019,1798.75,1.33,13.5,1.4
Киров,169.73,180.153788202977,512954,2019,3022.18,1.3,15.5,1.6
Рыльск,,15.4262594501368,16319,2017,959.94,1.6,9.9,1
Киров,36.48,36.6659183640897,30334,2019,8.32,1.54,10.9,1.1
Липецк,330.15,233.131467300462,509420,2019,1543,1.76,8.7,1
Чебоксары,251,110.737440285539,495317,2019,4502.88,1.15,18.3,2.1
Балашиха,62.8,100.963417209732,490047,2019,7803.3,2.02,7.7,0.8
Калининград,224.7,224.325607810791,482443,2019,2147.05,1.42,13.8,1.5
Тула,145.8,153.717034416526,479105,2019,3286.04,1.54,9.7,0.9
Сургут,353.97,196.876491203675,450000,2019,1056.42,2.14,10.7,1.4
Курск,208.2,192.421015788894,449556,2019,2356.78,1.6,9.9,1
Севастополь,863.6,158.111866156072,448829,2020,519.72,1.73,12.9,1.4
Сочи,176.77,230.374377214746,443644,2019,2509.72,1.64,10.9,1.5
Ставрополь,276.689,131.636647411424,437367,2019,2547.27,1.22,13.6,1.9
Улан-Удэ,,366.331197264696,435496,2019,1252.87,1.31,18,2.8
Тверь,152.22,152.844150922722,420850,2019,2764.75,1.47,12,1.1
Магнитогорск,392.35,339.746810498641,416521,2018,1065.99,1.48,13.3,1.4
Иваново,104.84,108.186283025098,405053,2019,3863.53,1.37,14.6,1.7
Брянск,186.73,147.007896051389,404793,2019,2167.8,1.44,13.2,1.8
Белгород,153.1,160.450089420697,392426,2019,2563.2,1.76,7.4,0.8
Владимир,137.14,130.884323767013,357907,2019,2612.19,1.29,12.8,1.3
Орёл,121.2,118.65735750237,311625,2019,2571.16,1.49,13.7,1.6
Нижний Тагил,297.47,304.054316526512,352135,2019,1183.77,1.85,9.7,1.3
Чита,534,96.6550507589156,349983,2019,655.4,1.32,21,3.4
Архангельск,294.42,343.379214528506,348343,2019,1183.15,1.54,12.6,1.5
Симферополь,,90.1070984062173,341527,2019,3179.66,1.17,17.2,2.3
Калуга,168.8,166.762660575802,336726,2019,1994.82,1.54,10.9,1.1
Смоленск,166.35,166.527181274751,329427,2019,1980.32,1.35,16.3,2.5
Волжский,150,218.863661614878,323604,2019,2157.36,1.35,13.9,1.5
Череповец,121,135.302488829246,318856,2017,2632.52,1.43,13.8,1.5
Якутск,122,144.140843161067,318768,2019,2612.85,1.68,19.1,3.6
Саранск,81.478,96.1519747252177,318578,2019,3909.99,1.18,18.4,2.3
Курган,393.03,392.37584132512,315311,2019,802.26,1.14,19.4,2.8
Вологда,116,113.936892391785,311846,2019,3426.88,1.43,13.8,1.5
Владикавказ,291.61,66.2529624044809,304897,2019,1045.56,1.37,14.2,1.7
Подольск,40.39,63.7366684143689,304245,2019,7532.68,2.02,7.7,0.8
Грозный,324.16,323.016919717831,301253,2019,929.33,1.21,20.5,3.3
Мурманск,154.4,171.061791095565,292465,2019,1894.2,1.83,12.3,1.2
Тамбов,96.58,99.598408612721,291663,2019,3019.91,1.61,10.2,1.1
Благовещенск,320.97,315.163002042725,225810,2019,701.29,1.5,15.1,2.5
Абакан,112.38,112.33384699479,186201,2019,1656.89,1.18,18.3,2.4
Северодвинск,120.51,73.3762094670851,182291,2019,1527.38,1.54,12.6,1.5
Петрозаводск,135,246.441894316865,280170,2019,2075.33,1.45,16.9,1.8
Стерлитамак,108.52,112.174595188088,278127,2019,2562.91,1.54,12.1,1.9
Кострома,144.5,144.43294590548,277280,2018,1910.48,1.51,12.7,1.1
Нижневартовск,271.319,111.757450647814,276503,2019,1019.11,2.14,10.7,1.4
Новороссийск,83.5,53.0676052608098,275197,2019,3393.3,1.64,10.9,1.5
Йошкар-Ола,100.39,87.2995703500385,271868,2019,2708.12,1.16,21.5,3.5
Химки,109.8,109.860475064387,254748,2019,2311.69,2.02,7.7,0.8
Таганрог,95,85.5305432716854,250287,2020,3128.59,1.48,13.3,2
Комсомольск-на-Амуре,325.1,323.544944914063,246607,2019,758.56,1.71,12,1.6
Сыктывкар,152,126.319818043905,244797,2019,1610.51,1.56,16.5,2.5
Нальчик,67,61.0907931440406,239710,2019,3577.76,1.17,24.2,4.2
Нижнекамск,116,116.610921320867,238879,2019,2059.3,1.93,7.2,0.8
Шахты,158.2,160.433446534666,235492,2017,1488.57,1.48,13.3,2
Дзержинск,,35.941271694367,231797,2017,549.89,1.61,9.5,1.2
Братск,428,460.395093420915,227467,2019,531.46,1.36,18.1,2.3
Орск,621.3305,595.102358236824,226638,2019,3654,1.43,13.8,1.9
Энгельс,113.772,113.601363364306,226176,2018,1868.3,1.35,16.2,2.1
Благовещенск,65,25.5215055257299,34967,2019,537.9538461538461,1.54,12.1,1.9
Ангарск,294,125.761581177697,225489,2019,766.97,1.36,18.1,2.3
Королёв,55.47,55.4816349277106,224533,2019,4047.83,2.02,7.7,0.8
Великий Новгород,90.08,95.1224439681553,224297,2019,2489.98,1.49,13.8,1.4
Старый Оскол,200.8,139.558740700042,223809,2019,1114.59,1.76,7.4,0.8
Мытищи,34.59,39.9908291375269,222739,2019,6439.4,2.02,7.7,0.8
Псков,95.6,95.5265893706394,210116,2019,2197.87,1.32,17.5,2.2
Люберцы,12.87,41.1696914782994,207349,2019,16111.03,2.02,7.7,0.8
Южно-Сахалинск,164.66,207.740579776361,200854,2019,1219.81,2.14,9.5,1.3
Бийск,291.67,221.290010334229,200629,2019,687.86,1.31,17.8,2.7
Прокопьевск,227.5,227.364226457639,191839,2019,843.25,1.4,15,1.7
Армавир,280,58.0079154897532,190205,2019,679.3,1.64,10.9,1.5
Балаково,79,75.6727344773938,189829,2018,2402.9,1.35,16.2,2.1
Рыбинск,101.42,99.4944871399532,188678,2018,1860.36,1.47,10.5,1
Петропавловск-Камчатский,400,362.364502669931,181181,2019,500.31,1.59,16.5,2
Норильск,,4511.97333559568,179554,2018,7752.76,1.48,18.2,3
Сызрань,117,147.248400775273,173260,2017,1480.85,1.56,13.1,1.7
Уссурийск,173,135.707207535954,173165,2019,1000.95,1.51,13.9,2
Волгодонск,182.3,184.276698000458,172050,2017,940.6,1.48,13.3,2
Красногорск,25.65,21.8934973540541,171793,2019,6697.58,2.02,7.7,0.8
Новошахтинск,136,140.102205245212,108782,2017,799.87,1.48,13.3,2
Каменск-Уральский,144.08,77.9222473444678,167354,2019,1161.54,1.85,9.7,1.3
Новочеркасск,128,128.166431095931,167335,2017,1318.48,1.48,13.3,2
Златоуст,236.4,150.539094467462,165395,2019,699.640439932318,1.48,13.3,1.4
Электросталь,51.45,51.3518107298954,157371,2019,3058.72,2.02,7.7,0.8
Салават,106.23,100.626144938986,151571,2019,1426.01,1.54,12.1,1.9
Миасс,111.9,82.94012022473,151275,2019,1351.8,1.48,13.3,1.4
Керчь,108,108.561828732935,151025,2019,1398.38,1.17,17.2,2.3
Копейск,236.71,74.4006517633176,147573,2017,623.43,1.48,13.3,1.4
Находка,325.9,124.832413959141,147468,2019,452.49,1.51,13.9,2
Жуковский,47.229,33.5967815054795,107922,2019,2285.079082766944,2.02,7.7,0.8
Пятигорск,97,41.3071411306231,146262,2019,1507.86,1.22,13.6,1.9
Хасавюрт,40,46.0910682050895,142747,2019,3568.68,1.48,15.2,2.3
Рубцовск,84,83.3985072778962,142551,2019,1697.04,1.31,17.8,2.7
Березники,66,429.154094006047,141276,2019,2140.55,1.5,14.9,2.4
Коломна,65.1,66.6096901570295,141106,2019,2167.53,2.02,7.7,0.8
Майкоп,69.64,58.2635063515383,140539,2019,2018.08,1.51,13.3,2
Ковров,57.4,57.2701636046968,137594,2018,2397.11,1.29,12.8,1.3
Одинцово,19.6,25.7661921873544,137528,2019,7016.73,2.02,7.7,0.8
Домодедово,159.27,60.0143917592484,133528,2019,838.38,2.02,7.7,0.8
Нефтекамск,,37.5625605492754,129173,2019,877.24,1.54,12.1,1.9
Кисловодск,72,42.9880923922651,129098,2019,1793.03,1.22,13.6,1.9
Нефтеюганск,154,30.4307109264178,127710,2019,829.29,2.14,10.7,1.4
Новочебоксарск,,48.8197327910304,126072,2017,2465.23,1.15,18.3,2.1
Серпухов,32.1,32.2312391886037,124897,2019,3890.87,2.02,7.7,0.8
Щёлково,52,50.0662561067582,124831,2019,2400.6,2.02,7.7,0.8
Новомосковск,74.7,105.148094670087,124787,2018,1670.51,1.54,9.7,0.9
Батайск,77.68,80.4806518215092,124705,2017,1605.37,1.48,13.3,2
Дербент,,34.7584260136351,124677,2019,1790.56,1.48,15.2,2.3
Черкесск,69.8,46.8536795076678,122804,2019,1759.37,1.04,24.5,3.6
Первоуральск,66,87.0244857265031,122183,2019,1851.26,1.85,9.7,1.3
Раменское,59.46,58.6956488282125,119903,2019,2016.53,2.02,7.7,0.8
Назрань,80,59.8115372649615,119842,2019,1498.03,1.05,31.9,5.6
Каспийск,32.94,37.1159511910925,119238,2019,3619.85,1.48,15.2,2.3
Обнинск,50.15,43.9682923935337,118151,2019,2355.95,1.54,10.9,1.1
Орехово-Зуево,36.38,36.3749308462048,118004,2019,3243.65,2.02,7.7,0.8
Кызыл,97.41,,117904,2019,1210.3890770968073,0.88,40.1,9.2
Новый Уренгой,111,42.4961437967376,116938,2019,1053.4954954954956,3.05,6.2,0.8
Невинномысск,80.1,45.0075555846371,116884,2019,1164.22,1.22,13.6,1.9
Димитровград,,41.0242037598867,115253,2018,1118.96,1.32,15.3,1.9
Октябрьский,105.83,4.10501060551441,114194,2019,1155.46,1.54,12.1,1.9
Долгопрудный,30.52,30.3860967167994,112007,2019,3669.95,2.02,7.7,0.8
Ессентуки,50,28.5778972260669,110479,2019,2209.58,1.22,13.6,1.9
Камышин,81,124.780654844225,110318,2019,1361.95,1.35,13.9,1.5
Ногинск,52.09,39.6476150733839,102295,2019,1963.81,2.02,7.7,0.8
Сергиев Посад,50.4,40.5218143464438,101967,2019,2023.15,2.02,7.7,0.8
Муром,43.78,28.8584279072736,109072,2018,2491.37,1.29,12.8,1.3
Евпатория,65,43.9672723490404,107650,2019,1656.15,1.17,17.2,2.3
Северск,485.65,116.431069127992,107494,2018,2213.18,1.45,15.7,2
Реутов,8.89,8.9091939572043,106962,2019,12031.72,2.02,7.7,0.8
Пушкино,60.33,58.4542920555679,106836,2019,1770.86,2.02,7.7,0.8
Артём,,170.06297655203,106460,2019,210.23,1.51,13.9,2
Ноябрьск,38.84,190.989192935151,106135,2019,2732.62,3.05,6.2,0.8
Ачинск,103.21,90.5059527298558,105259,2018,1019.85,1.48,18.2,3
Арзамас,34.32,41.7709588453465,104547,2017,3046.24,1.61,9.5,1.2
Елец,71,53.3897034675513,104349,2018,1476.57,1.76,8.7,1
Бердск,67,72.1477085457453,103290,2017,1541.64,1.55,16,2
Новокуйбышевск,86,88.6569599823049,102933,2017,1196.9,1.56,13.1,1.7
Элиста,92.36,,102618,2019,1111.07,0.99,24.2,3.4
Железногорск,456.6,84.6209637458104,83857,2018,183.65527814279457,1.48,18.2,3
Железногорск,7.62,114.170548119675,100740,2018,899.22,1.6,9.9,1
Зеленодольск,37.73,38.745741852848,99743,2019,2643.6,1.93,7.2,0.8
Ханты-Мансийск,10.54,52.8366591035424,99385,2019,283.34,2.14,10.7,1.4
Тобольск,222,227.147201796339,98857,2019,445.3,1.52,14.7,2.2
Воткинск,112.18,47.8394438849398,98063,2017,874.16,1.43,12,1.3
Сарапул,88,75.5978300424843,97910,2017,1112.6136363636363,1.43,12,1.3
Ленинск-Кузнецкий,128,67.2275733300899,95279,2019,744.37,1.4,15,1.7
Ухта,13200,75.9465673131631,97806,2017,7.409545454545454,1.56,16.5,2.5
Минеральные Воды,51.55,23.2543187800323,74141,2019,1438.23,1.22,13.6,1.9
Серов,418,77.6947489228704,96613,2019,231.13,1.85,9.7,1.3
Междуреченск,332.56,320.074963943359,96159,2019,289.15,1.4,15,1.7
Воскресенск,38.78,43.0866105997291,93205,2019,2403.43,2.02,7.7,0.8
Соликамск,166.55,144.450728215828,93118,2019,559.1,1.5,14.9,2.4
Магадан,295,302.843309809474,91781,2019,311.1263,2.27,11.3,1.3
Саров,232,94.2449166169137,95388,2018,409.76,1.61,9.5,1.2
Гатчина,28.75,32.2518878580579,93710,2019,3259.48,1.55,9.4,0.9
Михайловск,,17.7589436874046,8776,2019,,1.85,9.7,1.3
Елабуга,41.1,41.1233629005968,73913,2019,1798.37,1.93,7.2,0.8
Новоалтайск,72.2,76.9748626828918,73769,2019,1021.73,1.31,17.8,2.7
Михайловск,21,30.1304541394537,93658,2019,4459.9,1.22,13.6,1.9
Глазов,68.27,74.6921272602266,93628,2017,1356.93,1.43,12,1.3
Мичуринск,78,42.8939073327464,93330,2018,1196.54,1.61,10.2,1.1
Великие Луки,60.08,46.5273333367911,90549,2019,1507.14,1.32,17.5,2.2
Каменск-Шахтинский,160,159.354867507442,89657,2017,560.35625,1.48,13.3,2
Лобня,30.19,29.6636399745054,89339,2019,3028.4,2.02,7.7,0.8
Канск,96.3,100.605584851196,89111,2019,925.35,1.48,18.2,3
Киселёвск,160,187.288662903612,88192,2019,551.2,1.4,15,1.7
Губкин,42,62.6424185163951,86422,2019,2057.67,1.76,7.4,0.8
Выборг,160.847,160.89788064342,76389,2019,474.92,1.55,9.4,0.9
Берёзовский,74,68.2826058257245,45801,2019,618.93,1.4,15,1.7
Бузулук,54.42,58.0506815135469,86050,2019,1581.2201396545388,1.43,13.8,1.9
Белово,219.34,78.0828707822442,72519,2018,327.4,1.4,15,1.7
Новотроицк,352.34,56.2821904844127,84897,2019,240.95,1.43,13.8,1.9
Кинешма,49,54.8028775239498,83871,2017,1711.65,1.37,14.6,1.7
Бугульма,27.87,37.1713428183573,83536,2019,2997.34,1.93,7.2,0.8
Ейск,144,25.3709412059734,83053,2019,576.76,1.64,10.9,1.5
Чайковский,56.49,57.6041691845637,82656,2019,1463.2,1.5,14.9,2.4
Фрязино,9,9.13890134952821,59987,2019,6665.222222222223,2.02,7.7,0.8
Шуя,33.29,37.2252565763095,58723,2017,1763.98,1.37,14.6,1.7
Кузнецк,42.08,38.4237287919746,82276,2018,1955.23,1.33,13.5,1.4
Анапа,58.983,29.229807380578,81447,2019,1380.86,1.64,10.9,1.5
Азов,67.5,66.1707380054855,81335,2017,1204.96,1.48,13.3,2
Усть-Илимск,206.285,215.478637266745,81081,2019,393.05,1.36,18.1,2.3
Кирово-Чепецк,53.36,53.9920658722737,72071,2018,1350.66,1.3,15.5,1.6
Егорьевск,29,28.8421673869653,72070,2019,2485.17,2.02,7.7,0.8
Горно-Алтайск,95.5,95.8492196539456,64478,2020,675.16,0.98,24.2,4.3
Юрга,44.8,64.0132732484144,81073,2019,1809.67,1.4,15,1.7
Новоуральск,31.9,80.523151291354,80723,2019,2530.5,1.85,9.7,1.3
Клин,42,38.3558303359586,79387,2019,2145.59,2.02,7.7,0.8
Ивантеевка,14.59,14.6218811173755,79346,2019,5438.38,2.02,7.7,0.8
Ялта,18.202,13.0159633083197,79272,2019,4365.29,1.17,17.2,2.3
Озёрск,12,1.39895513118803,3837,2019,319.75,1.42,13.8,1.5
Лабинск,46.41,48.6262590686882,59842,2019,1289.42,1.64,10.9,1.5
Озёрск,657.3,39.4688151579608,79265,2017,120.59,1.48,13.3,1.4
Бор,147,49.2377165223963,78385,2017,533.2312925170068,1.61,9.5,1.2
Троицк,139.15,118.928317820057,73152,2019,525.71,1.48,13.3,1.4
Биробиджан,169.38,169.367102806991,73129,2019,431.75,1.12,24.6,3.6
Кропоткин,83.54,36.8877392865356,78149,2019,935.47,1.64,10.9,1.5
Геленджик,19.25,63.5611929004045,77212,2019,4011.01,1.64,10.9,1.5
Усолье-Сибирское,74,79.0086718208478,76846,2019,1038.46,1.36,18.1,2.3
Балашов,,34.8410082594261,76776,2018,1073,1.35,16.2,2.1
Шадринск,171.5324,65.2235299190327,75623,2017,435.47,1.14,19.4,2.8
Черногорск,,38.7534702256665,75067,2018,,1.18,18.3,2.4
Дубна,63.36,61.6965256740805,75001,2019,1221,2.02,7.7,0.8
Всеволожск,62.26,28.6935283632084,74263,2019,1192.7883070992611,1.55,9.4,0.9
Чапаевск,187.49,194.932028477398,72944,2017,389.06,1.56,13.1,1.7
Чехов,23.4,25.8850081193954,71932,2019,3074.017094017094,2.02,7.7,0.8
Видное,18,17.9476417879611,71482,2019,3971.222222222222,2.02,7.7,0.8
Верхняя Пышма,60,17.511982325564,71241,2019,1169.3,1.85,9.7,1.3
Лысьва,26.43,34.0683685412113,60947,2019,2308.6,1.5,14.9,2.4
Сальск,43.883,46.7737138260634,58179,2017,1325.7753571998267,1.48,13.3,2
Анжеро-Судженск,119.2,116.232419159981,69253,2019,580.98,1.4,15,1.7
Дмитров,26,26.6395702536318,68666,2018,2641,2.02,7.7,0.8
Туймазы,43,41.7182877494668,68587,2019,1595.05,1.54,12.1,1.9
Сосновый Бор,,86.9094029827394,68344,2019,949.22,1.55,9.4,0.9
Феодосия,39.9624,37.7895876680863,68029,2019,1701.427,1.17,17.2,2.3
Минусинск,17.7,57.0307192830492,68007,2018,3842.2,1.48,18.2,3
Кстово,59,17.2909430636284,67723,2017,1147.8474576271187,1.61,9.5,1.2
Ишим,46.1,58.4574595926826,64653,2019,1402.45,1.52,14.7,2.2
Североморск,60,,52597,2019,876.6166666666667,1.83,12.3,1.2
Георгиевск,25,23.7099042915062,67054,2019,2682.16,1.22,13.6,1.9
Славянск-на-Кубани,,30.9062350779106,66829,2019,1536.3,1.64,10.9,1.5
Когалым,153.5,60.4761379798071,66720,2019,434.66,2.14,10.7,1.4
Гуково,40,36.1823190131853,66332,2017,1658.3,1.48,13.3,2
Сунжа,235.55,9.1154817589623,66047,2019,280.39,1.05,31.9,5.6
Ступино,35.5,95.4394573779315,65990,2019,1858.8732394366198,2.02,7.7,0.8
Буйнакск,,22.586825799819,65544,2019,3128.59,1.48,15.2,2.3
Кунгур,68.7,69.4620025252977,65284,2019,950.28,1.5,14.9,2.4
Белорецк,41,51.0757168797453,65054,2019,1586.6829268292684,1.54,12.1,1.9
Ишимбай,103.47,112.02476241398,64307,2019,641,1.54,12.1,1.9
Павловский Посад,39,30.3980719455609,63940,2019,1639.4871794871794,2.02,7.7,0.8
Донской,47.6,59.4284598575949,63631,2018,1336.79,1.54,9.7,0.9
Асбест,107,84.7457059121472,63325,2019,591.8224299065421,1.85,9.7,1.3
Вольск,148,30.604309629356,63212,2018,427.1081081081081,1.35,16.2,2.1
Клинцы,64,31.4284946414874,63050,2019,985.15625,1.44,13.2,1.8
Наро-Фоминск,22,27.8763095979569,62970,2019,2862.27,2.02,7.7,0.8
Россошь,59.06,59.7478354267784,62827,2018,1063.78,1.61,8.9,1.1
Ревда,111,41.4587952537824,62326,2019,64.25,1.85,9.7,1.3
Чистополь,19.24,29.5263380398216,59816,2019,3108.94,1.93,7.2,0.8
Лыткарино,17.29,17.2860150654915,58606,2019,3447.41,2.02,7.7,0.8
Нягань,814,44.7019593378567,58335,2019,71.66461916461917,2.14,10.7,1.4
Будённовск,62.1,76.4851382075835,62073,2019,999.57,1.22,13.6,1.9
Лениногорск,24.65,31.0929030593208,61974,2019,2514.16,1.93,7.2,0.8
Туапсе,33.41,26.1440064682197,61938,2019,1853.88,1.64,10.9,1.5
Зеленогорск,162,162.125332954929,61915,2019,382.19,1.48,18.2,3
Котлас,68.039,68.3636468824036,61902,2017,773.4,1.54,12.6,1.5
Борисоглебск,55.26,53.9620777267876,61765,2018,1117.72,1.61,8.9,1.1
Сибай,157.4,84.9644675567806,61344,2019,389.73,1.54,12.1,1.9
Полевской,57,33.4669691575379,61332,2019,1076,1.85,9.7,1.3
Урус-Мартан,27.51,26.4172561307435,61221,2019,2225.41,1.21,20.5,3.3
Кумертау,170,27.667643910201,59762,2019,351.54117647058825,1.54,12.1,1.9
Лесосибирск,277,109.421159164051,59525,2018,214.89,1.48,18.2,3
Избербаш,,26.4365388659084,59494,2019,,1.48,15.2,2.3
Ржев,56.17,53.6526144934892,59422,2018,1057.9,1.47,12,1.1
Белебей,34.26,37.7286739838603,59137,2019,1726.12,1.54,12.1,1.9
Александров,,26.1282758698994,59036,2018,2270.62,1.29,12.8,1.3
Берёзовский,38,29.1190379068046,58771,2019,1546.6052631578948,1.85,9.7,1.3
Шали,27.02,,54168,2019,2004.74,1.21,20.5,3.3
Павлово,43.12,40.2138969341273,58163,2017,1491.36,1.61,9.5,1.2
Воркута,29.73,83.0921735748713,58133,2017,1955.36,1.56,16.5,2.5
Тихвин,25.4,31.8355379294025,58068,2019,2286.14,1.55,9.4,0.9
Щёкино,15,14.5963251626808,57979,2018,3865.266666666667,1.54,9.7,0.9
Алексин,37.95,46.701929076056,57892,2018,1525.48,1.54,9.7,0.9
Прохладный,35.08,34.5568663038325,57883,2019,1650.03,1.17,24.2,4.2
Михайловка,61,57.333969375076,57829,2019,948.016393442623,1.35,13.9,1.5
Крымск,47.04,29.9164065639914,57822,2019,1229.21,1.64,10.9,1.5
Тихорецк,46.02,34.6173234808293,57771,2019,1255.35,1.64,10.9,1.5
Мелеуз,32,,57248,2019,1789,1.54,12.1,1.9
Искитим,29.9,61.6234090703684,57032,2017,1907.42,1.55,16,2
Нерюнгри,98.9,,57009,2018,576.4307381193124,1.68,19.1,3.6
Краснотурьинск,309.5,57.6517173081006,56584,2019,78.71,1.85,9.7,1.3
Дзержинский,15.66,15.6921213656357,56257,2019,3592.4,2.02,7.7,0.8
Апатиты,37.5,,55201,2019,1472.03,1.83,12.3,1.2
Гусь-Хрустальный,43,34.5601132156425,54533,2018,1268.21,1.29,12.8,1.3
Сертолово,27.49,28.2367578507743,54497,2019,1982.429974536195,1.55,9.4,0.9
Жигулёвск,60.8,68.3005990942433,54343,2017,893.8,1.56,13.1,1.7
Гудермес,33.89,34.0051713507677,53957,2019,1592.12,1.21,20.5,3.3
Лиски,65,53.4465472492276,53897,2018,829.18,1.61,8.9,1.1
Свободный,225,63.7235877359616,53678,2018,238.57,1.5,15.1,2.5
Волжск,39.47,34.4059139329593,53581,2019,1357.51,1.16,21.5,3.5
Выкса,,33.3056537854,53406,2017,,1.61,9.5,1.2
Краснокамск,95.8,19.8750732709786,53245,2019,555.79,1.5,14.9,2.4
Радужный,113.2,112.722503414041,18471,2018,163.17137809187278,1.29,12.8,1.3
Краснокаменск,73,26.3593853480096,52811,2017,723.4383561643835,1.32,21,3.4
Вязьма,44,48.8325947622065,52506,2018,1193.32,1.35,16.3,2.5
Арсеньев,,46.3731867848932,52251,2019,575.83,1.51,13.9,2
Белореченск,38.48,30.0689001531485,51935,2019,1349.66,1.64,10.9,1.5
Солнечногорск,21,19.2249130144548,51612,2019,2457.71,2.02,7.7,0.8
Тимашёвск,30,,51443,2019,1714.77,1.64,10.9,1.5
Узловая,22.6,24.9139613963216,51358,2018,2272.48,1.54,9.7,0.9
Снежинск,357,,50759,2017,142.18207282913164,1.48,13.3,1.4
Кириши,63.34,30.2665260759042,50750,2019,801.23,1.55,9.4,0.9
Черемхово,114.4,108.936624730149,50586,2019,443.74,1.36,18.1,2.3
Рославль,43,46.6083118372151,50112,2018,1165.4,1.35,16.3,2.5
Рассказово,36.12,36.7155677185539,43330,2018,1199.61,1.61,10.2,1.1
Красный Сулин,93.6,92.3956096238239,38567,2017,412.04,1.48,13.3,2
Салехард,84.5,22.4809033127145,50064,2019,592.47,3.05,6.2,0.8
Назарово,47,86.4256304749561,49825,2019,1060.11,1.48,18.2,3
Можга,31,23.6319237513196,49617,2017,1600.5483870967741,1.43,12,1.3
Кизляр,32.31,25.8532484157517,49247,2019,1524.2,1.48,15.2,2.3
Боровичи,,47.3024977324764,49071,2019,1080.62,1.49,13.8,1.4
Лесной,360,72.3628118725136,49054,2019,136.26111111111112,1.85,9.7,1.3
Балахна,48,71.0460772702108,48710,2019,1014.7916666666666,1.61,9.5,1.2
Бугуруслан,76,38.0638901975835,48669,2019,640.38,1.43,13.8,1.9
Шелехов,31,32.235962772105,48460,2019,1563.23,1.36,18.1,2.3
Курганинск,43.97,33.0321275545339,48439,2019,1101.64,1.64,10.9,1.5
Донецк,112,111.841059084895,48428,2017,432.39,1.48,13.3,2
Кашира,26.35,37.4644026223089,48016,2019,1822.2390891840607,2.02,7.7,0.8
Отрадный,,54.2474204714581,47542,2017,4754.2,1.56,13.1,1.7
Саяногорск,19,22.0030185745691,47358,2018,2492.53,1.18,18.3,2.4
Мегион,50.51,43.4123914408291,47332,2019,937.08,2.14,10.7,1.4
Ливны,32.1,24.6173066663411,47221,2018,1471.06,1.49,13.7,1.6
Котельники,14.24,14.3073429816917,46763,2019,3283.9185393258426,2.02,7.7,0.8
Грязи,33,41.0901010147461,46492,2018,1408.85,1.76,8.7,1
Киржач,30.03,40.891554942923,26676,2018,889.2,1.29,12.8,1.3
Новозыбков,31.5,38.9632572977032,39725,2019,1261.11,1.44,13.2,1.8
Елизово,70,77.8124310527484,39216,2018,560.2285714285714,1.59,16.5,2
Бирск,77.31,27.9173269436943,46362,2019,599.69,1.54,12.1,1.9
Заринск,79.16,49.497406049445,46254,2019,584.31,1.31,17.8,2.7
Вышний Волочёк,54,53.762752424866,46211,2019,855.76,1.47,12,1.1
Рузаевка,,30.708527520378,45988,2017,1703.26,1.18,18.4,2.3
Кингисепп,44.03,11.3762999887212,45858,2019,1041.5171473995003,1.55,9.4,0.9
Торжок,58.8,59.4026459790846,45641,2018,776.21,1.47,12,1.1
Канаш,18.5,19.6203799307802,45501,2017,2459.51,1.15,18.3,2.1
Аксай,67.5,32.5294731900457,44828,2017,664.1185185185185,1.48,13.3,2
Пугачёв,79,57.3003344144858,40895,2018,517.6582278481013,1.35,16.2,2.1
Сегежа,19,18.6233945220302,26241,2019,1381.1052631578948,1.45,16.9,1.8
Яранск,18,11.9135825937746,15985,2018,888.0555555555555,1.3,15.5,1.6
Кимры,44,46.2503720791688,44743,2018,1016.8863636363636,1.47,12,1.1
Черняховск,58,82.6792038949912,39126,2019,674.5862068965517,1.42,13.8,1.5
Надым,185,16.8398473525549,44705,2019,241.65,3.05,6.2,0.8
Лангепас,59.51,12.050742486165,44582,2019,749.15,2.14,10.7,1.4
Волхов,108.21,111.651964894821,44487,2019,411.12,1.55,9.4,0.9
Белый,,17.6996026486424,3197,2018,,1.47,12,1.1
Куйбышев,109.73,36.493707993926,44246,2017,403.23,1.55,16,2
Чусовой,58,68.728860128733,44185,2019,761.81,1.5,14.9,2.4
Ярцево,32,26.4644822165497,44097,2018,1378.03,1.35,16.3,2.5
Радужный,142.05,23.5468475236848,43726,2019,307.82,2.14,10.7,1.4
Кольчугино,31,18.9605717282813,43089,2018,1389.967741935484,1.29,12.8,1.3
Краснознаменск,8,3.57993044733409,3154,2019,394.25,1.42,13.8,1.5
Краснознаменск,6.089,13.3014528835887,42472,2019,6975.2,2.02,7.7,0.8
Сатка,46.2,12.4553692813829,42214,2017,913.72,1.48,13.3,1.4
Мценск,20.81,22.7431892993435,37725,2018,1812.83,1.49,13.7,1.6
Кореновск,,35.6479208133802,42174,2019,,1.64,10.9,1.5
Моздок,17.5,,42155,2019,2408.86,1.37,14.2,1.7
Сафоново,29.58,30.4067602101101,42147,2018,1424.85,1.35,16.3,2.5
Осинники,81,38.2458951717969,41887,2019,517.1234567901234,1.4,15,1.7
Верхняя Салда,72,54.5847744692259,41484,2019,576.1666666666666,1.85,9.7,1.3
Мончегорск,1132,,41482,2019,36.64487632508834,1.83,12.3,1.2
Стрежевой,31.48,16.9277524292769,41475,2018,1317.5,1.45,15.7,2
Спасск-Дальний,,44.3244288074256,40200,2019,,1.51,13.9,2
Учалы,56,46.8017509380223,37710,2019,673.39,1.54,12.1,1.9
Карабулак,83.61,19.5529811149504,41469,2019,495.98,1.05,31.9,5.6
Шебекино,41,43.9213304408599,41336,2019,1008.2,1.76,7.4,0.8
Тулун,1341,42.9234804010539,41279,2019,30.782252050708426,1.36,18.1,2.3
Амурск,146.4,145.561967838507,39046,2019,269.28,1.71,12,1.6
Усть-Кут,56,88.4721528913196,41149,2019,734.8,1.36,18.1,2.3
Темрюк,20.1,26.1157997790519,41133,2019,2046.417910447761,1.64,10.9,1.5
Мыски,108.7,42.5275891741716,40991,2019,377.1,1.4,15,1.7
Чебаркуль,71.13,94.8517473063926,40931,2019,575.44,1.48,13.3,1.4
Лянтор,63.07,27.1766724263698,40867,2019,647.96,2.14,10.7,1.4
Белая Калитва,16.495,35.4780102001107,40831,2017,2475.35616853592,1.48,13.3,2
Камень-на-Оби,48.79,31.2578192037764,40795,2018,836.13,1.31,17.8,2.7
Переславль-Залесский,23.01,22.9430665923793,38649,2018,1717.73,1.47,10.5,1
Сосновоборск,26.64,14.8698246695595,40614,2019,1524.5495495495495,1.48,18.2,3
Тутаев,25.5,27.1962050165389,40441,2017,1585.92,1.47,10.5,1
Урай,54.3,71.8394795847484,40292,2019,2677.21,2.14,10.7,1.4
Усть-Лабинск,37.15,31.942323587023,40180,2019,1081.56,1.64,10.9,1.5
Печора,34,94.8893507284483,40048,2017,1177.88,1.56,16.5,2.5
Заинск,25,58.4082908488237,39938,2019,1597.52,1.93,7.2,0.8
Ялуторовск,51.91,48.5935165056788,39919,2019,769,1.52,14.7,2.2
Пыть-Ях,80.4,30.4439580382395,39831,2019,495.41,2.14,10.7,1.4
Апшеронск,28,27.9324828018244,39762,2019,1420.0714285714287,1.64,10.9,1.5
Ртищево,,21.3281857890906,39005,2018,1218.91,1.35,16.2,2.1
Кизилюрт,50,11.7688576664835,37588,2019,949.52,1.48,15.2,2.3
Горячий Ключ,20.77,28.8219339741927,38972,2019,1876.36,1.64,10.9,1.5
Моршанск,18.52,18.2255159279637,38943,2018,2102.75,1.61,10.2,1.1
Усинск,,14.5037681197781,38800,2017,,1.56,16.5,2.5
Новодвинск,,31.2267778952983,38735,2017,,1.54,12.6,1.5
Саянск,83,53.3085292862599,38674,2019,465.95180722891564,1.36,18.1,2.3
Абинск,22,30.4722649184334,38547,2019,1752.1363636363637,1.64,10.9,1.5
Заволжье,20.1,9.73854609117429,38527,2017,1916.77,1.61,9.5,1.2
Конаково,39.03,18.8239897273662,38486,2018,986.06,1.47,12,1.1
Южноуральск,110.57,16.3013792438307,37540,2019,339.51,1.48,13.3,1.4
Мариинск,57.2,48.2426068907153,38209,2019,667.99,1.4,15,1.7
Качканар,317,15.0365862688228,38441,2019,121.26498422712933,1.85,9.7,1.3
Джанкой,26,25.6526374535251,38438,2019,1478.38,1.17,17.2,2.3
Ахтубинск,17,29.6464196448982,37883,2017,2228.41,1.36,16,2.1
Баксан,27.79,16.7400862593845,38361,2019,1380.39,1.17,24.2,4.2
Курчатов,60.4,54.8462302640423,38344,,679.86,1.6,9.9,1
Малгобек,100.79,11.2019242990535,38200,2019,379.01,1.05,31.9,5.6
Алексеевка,34,38.9943024560545,38179,2019,1122.91,1.76,7.4,0.8
Аргун,28.11,15.3319406782162,38169,2019,1357.84,1.21,20.5,3.3
Красноуфимск,47,34.1839024669713,38088,2019,810.3829787234042,1.85,9.7,1.3
Большой Камень,119.8,34.0741106850693,37918,2019,340.25,1.51,13.9,2
Тавда,148,146.754854793543,32932,2019,222.51351351351352,1.85,9.7,1.3
Инта,,37.5337007596826,26271,2017,,1.56,16.5,2.5
Вяземский,,38.473946041951,12889,2019,,1.71,12,1.6
Сураж,12.39,16.068421970183,10814,2019,935,1.44,13.2,1.8
Советская Гавань,,66.5895387663735,23816,2019,345.16,1.71,12,1.6
Лысково,,29.5843265270001,21293,2017,,1.61,9.5,1.2
Изобильный,28,16.7844225504919,37868,2019,1352.43,1.22,13.6,1.9
Людиново,,43.0299132932021,37734,2019,,1.54,10.9,1.1
Кыштым,45.67,33.3974033276206,37480,2017,820.67,1.48,13.3,1.4
Югорск,152.18,20.1955953050097,37422,2019,245.91,2.14,10.7,1.4
Алапаевск,25,35.5912542787003,37219,2019,1488.76,1.85,9.7,1.3
Нурлат,22.6,26.1658967060751,32345,2019,1431.19,1.93,7.2,0.8
Беслан,23.17,17.0431447918216,37196,2019,1605.35,1.37,14.2,1.7
Тосно,,16.8316683033262,36791,2019,,1.55,9.4,0.9
Поронайск,55,56.3700973794816,15388,2019,279.7818181818182,2.14,9.5,1.3
Сокол,30.43,20.5830831377888,37191,2017,1222.18,1.43,13.8,1.5
Шарыпово,30,18.5404753479942,37136,2018,1237.87,1.48,18.2,3
Урюпинск,39.32,40.9361724263934,37109,2019,943.7690742624618,1.35,13.9,1.5
Коряжма,50.11,44.7303968139967,37092,2017,1673.07,1.54,12.6,1.5
Саки,28.736,26.8067830683018,24727,2019,860.49,1.17,17.2,2.3
Партизанск,1288.6,109.02307865022,36992,2019,28.71,1.51,13.9,2
Реж,33,40.795204264988,36843,2019,1116.45,1.85,9.7,1.3
Ирбит,64.23,80.3530646252104,36668,2019,570.89,1.85,9.7,1.3
Фролово,60,58.8392439383601,36513,2019,608.55,1.35,13.9,1.5
Каменка,23.95,35.5109622256122,35929,2018,1500.17,1.33,13.5,1.4
Вязники,37,31.6671552257833,35865,2018,969.32,1.29,12.8,1.3
Протвино,26.69,26.6890621567244,35807,2019,1416,2.02,7.7,0.8
Светлоград,41,74.5400560282192,35745,2019,871.83,1.22,13.6,1.9
Миллерово,51,42.4631447415465,35540,2017,696,1.48,13.3,2
Вятские Поляны,28.34,29.1738537490124,32562,2018,1158,1.3,15.5,1.6
Дальнереченск,108.49,100.01620411345,25482,2019,235.94,1.51,13.9,2
Кинель,36.75,25.1357269437758,35321,2017,961.12,1.56,13.1,1.7
Лесозаводск,71,67.7916841776572,35310,2019,497.32394366197184,1.51,13.9,2
Алатырь,41.7,41.5518034260144,35298,2017,846.47,1.15,18.3,2.1
Хотьково,11,11.2533180128698,21236,2019,1930.55,2.02,7.7,0.8
Новокубанск,27.97,37.2207302895867,35173,2019,1257.53,1.64,10.9,1.5
Ефремов,21.83,22.157586664065,35168,2018,1610.99,1.54,9.7,0.9
Луга,13,28.5007080465059,35000,2019,2692.3076923076924,1.55,9.4,0.9
Коркино,109,23.7376650581853,34967,2017,320.79816513761466,1.48,13.3,1.4
Вичуга,30,30.8714290587789,34868,2017,1162.27,1.37,14.6,1.7
Зеленокумск,24,31.172608186691,34690,2019,1445.42,1.22,13.6,1.9
Азнакаево,15,22.0173364392203,34587,2019,2305.8,1.93,7.2,0.8
Дальнегорск,31,63.8321549202954,34454,2019,1111.4193548387098,1.51,13.9,2
Фурманов,,17.1617724875881,34309,2017,,1.37,14.6,1.7
Гулькевичи,20.84,18.3483361775539,34215,2019,1641.79,1.64,10.9,1.5
Гай,62.14,16.4320617774475,34205,2019,550.45,1.43,13.8,1.9
Валуйки,34,33.3564126224858,34193,2019,1005.68,1.76,7.4,0.8
Нижнеудинск,75,74.347167141329,33971,2019,452.95,1.36,18.1,2.3
Богородск,,19.2768448547295,33931,2019,,1.61,9.5,1.2
Менделеевск,30.65,14.3732112795316,22305,2019,727.73,1.93,7.2,0.8
Корсаков,26,32.8181179177525,33645,2019,1294.0384615384614,2.14,9.5,1.3
Балтийск,49.1,15.3629194061395,33551,2019,683.32,1.42,13.8,1.5
Истра,7,16.1715662633435,33535,2019,4791,2.02,7.7,0.8
Городец,124.2,12.0532397916088,30493,2017,245.91,1.61,9.5,1.2
Морозовск,26,36.0876562808315,25467,2017,979.5,1.48,13.3,2
Сухой Лог,30,25.9290073586588,33497,2019,1116.56,1.85,9.7,1.3
Тында,34,51.6992893878802,33061,2018,266.62,1.5,15.1,2.5
Чернушка,29.11,17.1800545041866,32952,2019,1131.98,1.5,14.9,2.4
Кулебаки,,19.9188196686141,32943,2017,,1.61,9.5,1.2
Слободской,49.6,13.2370466700358,32793,2018,661.15,1.3,15.5,1.6
Тейково,26.8,19.4460647439868,32791,2017,1223.54,1.37,14.6,1.7
Тайшет,75.72,17.576860928138,32754,2019,432.57,1.36,18.1,2.3
Острогожск,22,26.8379805720147,32601,2018,1481.86,1.61,8.9,1.1
Шатура,36,9.57856988882913,32384,2019,899.5555555555555,2.02,7.7,0.8
Трёхгорный,162.49,20.4275617954134,32355,2017,199.12,1.48,13.3,1.4
Сланцы,36,13.6192748050857,32337,2019,898.25,1.55,9.4,0.9
Добрянка,,30.1855313892141,32304,2019,,1.5,14.9,2.4
Приморско-Ахтарск,18.69,17.6824106594274,32180,2019,1721.78,1.64,10.9,1.5
Кондопога,11,24.644414973833,29735,2019,2703.181818181818,1.45,16.9,1.8
Касимов,31.6,20.3321300895261,29700,2019,939.87,1.4,12.7,1.5
Мирный,50.81,31.7561295286524,32175,2017,633.24,1.54,12.6,1.5
Богородицк,,20.1622809884806,31139,2018,,1.54,9.7,0.9
Мирный,15,34.9427012489068,35223,2018,2348.2,1.68,19.1,3.6
Нововоронеж,46.13,7.72247191544659,31503,2018,682.92,1.61,8.9,1.1
Углич,26.6,23.2086151720979,32146,2017,1208.5,1.47,10.5,1
Апрелевка,29,15.4750937105711,29147,2019,1005.0689655172414,2.02,7.7,0.8
Нерехта,,17.0479632444933,21403,2017,,1.51,12.7,1.1
Муравленко,,17.3198204664941,32132,2019,,3.05,6.2,0.8
Сердобск,,13.5827382796298,32087,2018,1129.03,1.33,13.5,1.4
Великий Устюг,17,29.4886851924179,31606,2017,1859.1764705882354,1.43,13.8,1.5
Кудрово,,4.49593379772753,31577,2019,,1.55,9.4,0.9
Маркс,16,10.1646753705484,31488,2018,1968,1.35,16.2,2.1
Ростов,32,31.8797710423516,30969,2018,967.78,1.47,10.5,1
Никольск,,8.74659378961969,8026,2017,,1.43,13.8,1.5
Дюртюли,,11.6307126620349,30912,2019,,1.54,12.1,1.9
Кудымкар,25.3,32.7378931692367,30904,2019,1221.5,1.5,14.9,2.4
Нарткала,9.45,10.0170132503245,30832,2019,3262.65,1.17,24.2,4.2
Зима,52.85,52.0062267622381,30818,2019,583.12,1.36,18.1,2.3
Кандалакша,6.65,21.7088887769277,30575,2019,4711,1.83,12.3,1.2
Тайга,,26.5613278621427,23168,2019,,1.4,15,1.7
Благодарный,24,21.7587922278072,30530,2019,1272.08,1.22,13.6,1.9
Сосногорск,24.9,24.8284433211983,27809,2017,1067.11,1.56,16.5,2.5
Усть-Джегута,,16.4758571599156,30369,2019,,1.04,24.5,3.6
Артёмовский,47,33.8557383666281,30366,2019,646.09,1.85,9.7,1.3
Кохма,12.6,12.6323454590438,30316,2017,2406.03,1.37,14.6,1.7
Луховицы,16.1,117.078430004889,30290,2019,1881.37,2.02,7.7,0.8
Дедовск,7,6.88806733101296,30061,2019,4294.428571428572,2.02,7.7,0.8
Можайск,17.8,11.1096576469013,30056,2019,1688.54,2.02,7.7,0.8
Котовск,17.3,30.8148076004474,29999,2018,1734.05,1.61,10.2,1.1
Алушта,6.983,9.4094265159057,29963,2019,4281.83,1.17,17.2,2.3
Борзя,184,30.1136297211516,28874,2017,156.92391304347825,1.32,21,3.4
Аша,52.4,34.5569807968484,29946,2017,571.49,1.48,13.3,1.4
Советский,,53.1994123201675,29624,2019,,2.14,10.7,1.4
Дагестанские Огни,9.27,11.1879055106656,29555,2019,3188.24,1.48,15.2,2.3
Шумерля,13.3,15.0346352885213,29553,2017,2222.03,1.15,18.3,2.1
Славгород,53.32,45.7347560734096,29371,2019,550.84,1.31,17.8,2.7
Майский,,16.949276636392,26945,2019,,1.17,24.2,4.2
Костомукша,15,18.3396046632212,29367,2019,1957.8,1.45,16.9,1.8
Алейск,43.87,44.3761292213298,29249,2019,666.72,1.31,17.8,2.7
Дивногорск,56.6,19.9506709124512,29195,2019,515.81,1.48,18.2,3
Обь,21.95,24.4347062558482,29194,2017,1330.02,1.55,16,2
Барабинск,69.48,21.1219620859601,29122,2017,419.1421991940126,1.55,16,2
Богданович,23,21.0057966453836,29108,2019,1265.5652173913043,1.85,9.7,1.3
Уварово,23,26.1631211527022,23987,2018,1042.91,1.61,10.2,1.1
Арск,,15.2573642581394,20523,2019,,1.93,7.2,0.8
Еманжелинск,129.85,33.2931707766202,29077,2017,223.93,1.48,13.3,1.4
Губкинский,,13.8291613522818,28564,2019,,3.05,6.2,0.8
Гагарин,14.46,15.2020575436958,29041,2018,2008.37,1.35,16.3,2.5
Ликино-Дулёво,1348.93,10.4542733567532,29036,2019,21.525208869251923,2.02,7.7,0.8
Петровск,,34.3724987993108,28893,2018,,1.35,16.2,2.1
Остров,,19.1225700721293,20482,2019,,1.32,17.5,2.2
Пущино,18.23,17.9982001376612,20797,2019,1140.81,2.02,7.7,0.8
Карталы,86.13,30.9088702483024,28577,2017,331.789155927087,1.48,13.3,1.4
Гусев,16.25,15.9371522184227,28307,2019,1727.8,1.42,13.8,1.5
Похвистнево,64.5,9.99383872271987,28223,2017,437.57,1.56,13.1,1.7
Тара,118.64,110.299872836633,28116,2017,2382.71,1.51,13.5,1.8
Старая Русса,18.54,22.2702528241839,28043,2019,1512.57,1.49,13.8,1.4
Знаменск,79,5.2838274080383,26934,2017,340.9367088607595,1.36,16,2.1
Верхний Уфалей,65,16.6393992807065,26884,2019,413.6,1.48,13.3,1.4
Заречный,27.61,27.626032509381,65156,2018,2359.87,1.33,13.5,1.4
Холмск,32,27.107902320421,27479,2019,950,2.14,9.5,1.3
Малоярославец,,19.0642483328616,27411,2019,1522.83,1.54,10.9,1.1
Заречный,299.27,13.6250742800245,27795,2019,92.88,1.85,9.7,1.3
Десногорск,,7.98300194986464,27771,2018,645.84,1.35,16.3,2.5
Удомля,,11.6504609683128,27641,2019,,1.47,12,1.1
Строитель,33,13.2155487144708,24038,2019,728.4242424242424,1.76,7.4,0.8
Топки,51.7,51.7518434973333,27639,2019,534.6,1.4,15,1.7
Кушва,50,46.328492861701,27624,2019,552.48,1.85,9.7,1.3
Карасук,35.76,17.0619345269173,27196,2017,760.51,1.55,16,2
Сорочинск,55.93,31.8308363250712,27164,2019,485.68,1.43,13.8,1.9
Торопец,,27.8082241702617,12048,2018,,1.47,12,1.1
Себеж,8,9.7224857794699,5339,2019,667.375,1.32,17.5,2.2
Соль-Илецк,185.3,29.2243089978831,26978,2019,145.59,1.43,13.8,1.9
Новоалександровск,21,22.8050692441489,26761,2019,1274.33,1.22,13.6,1.9
Семилуки,14,16.2000051853092,26732,2018,1909.43,1.61,8.9,1.1
Бахчисарай,29.285,13.0970643053705,26572,2019,907.3587160662455,1.17,17.2,2.3
Дятьково,,24.5545729298694,26483,2019,,1.44,13.2,1.8
Полесск,11,11.2543929272822,6954,2019,632.1818181818181,1.42,13.8,1.5
Октябрьск,21.8,33.8520208115504,26478,2017,1214.59,1.56,13.1,1.7
Камышлов,52,21.0442612660473,26301,2019,505.78846153846155,1.85,9.7,1.3
Карпинск,83,32.790840305488,26249,2019,316.25,1.85,9.7,1.3
Лабытнанги,22,41.6032595247582,26211,2019,1191.409090909091,3.05,6.2,0.8
Кировск,,25.185335036261,26206,2019,,1.83,12.3,1.2
Кировск,84.9,14.860003148013,26683,2019,314.2873969375736,1.55,9.4,0.9
Заводоуковск,20.96,43.234849953083,26195,2019,818.18,1.52,14.7,2.2
Курчалой,38.15,,26115,2019,684.53,1.21,20.5,3.3
Новопавловск,19,19.6289030790507,26106,2019,1374,1.22,13.6,1.9
Полысаево,49.295,21.6739011972539,26012,2019,527.73,1.4,15,1.7
Скопин,30.9,7.98582117225545,26005,2019,841.59,1.4,12.7,1.5
Татарск,80,44.2077166175504,23956,2017,299.45,1.55,16,2
Кимовск,,7.8678673883811,25951,2018,,1.54,9.7,0.9
Красноуральск,21.7,88.3545869954939,22725,2019,1047.2350230414747,1.85,9.7,1.3
Североуральск,80,30.4940602512731,25827,2019,322.8375,1.85,9.7,1.3
Балабаново,9.94,10.0602071144622,25775,2019,2593.06,1.54,10.9,1.1
Киреевск,10.71,10.476028218792,25741,2018,2403.454715219421,1.54,9.7,0.9
Отрадное,70.1,19.114583764588,25623,2019,365.52,1.55,9.4,0.9
Абаза,17,80.1617767601259,15335,2018,902.0588235294117,1.18,18.3,2.4
Шарья,25.3,20.5563168611151,23912,2017,945.1383399209486,1.51,12.7,1.1
Янаул,26,19.1624513946814,25361,2019,975.42,1.54,12.1,1.9
Лосино-Петровский,9.16,9.14049956495145,25317,2019,2763.8646288209607,2.02,7.7,0.8
Красноперекопск,22.4198,22.1089966409677,25187,2019,1123.43,1.17,17.2,2.3
Аткарск,10.54,11.1321893283687,25140,2018,2385.2,1.35,16.2,2.1
Семикаракорск,14,21.3533296310574,22118,2017,1579.857142857143,1.48,13.3,2
Озёры,12,11.7635233261426,25012,2019,2084.33,2.02,7.7,0.8
Буй,21.2,17.7132314868793,24011,2017,1132.5943396226417,1.51,12.7,1.1
Медногорск,91.33,102.668067170323,24896,2019,272.59,1.43,13.8,1.9
Зерноград,12.36,13.1456844406733,24886,2017,2013.43,1.48,13.3,2
Павловск,8.22,17.6385134890615,24858,2018,3024.09,1.61,8.9,1.1
Нарьян-Мар,45.13,46.2520217331091,24827,2019,550.1218701528916,2.88,10.7,1.7
Железноводск,93.13,9.79032065890896,24768,2019,265.95,1.22,13.6,1.9
Ленск,49,27.9752144672503,23479,2018,479.16326530612247,1.68,19.1,3.6
Тырныауз,61.8,7.17377872239712,20513,2019,331.93,1.17,24.2,4.2
Родники,17,16.0903766427408,24662,2017,1450.7058823529412,1.37,14.6,1.7
Семёнов,14,16.2697254395678,24536,2017,1752.5714285714287,1.61,9.5,1.2
Сасово,23.79,24.0122232778938,24523,2019,1030.81,1.4,12.7,1.5
Нефтекумск,20,14.5943639491982,24472,2019,1223.6,1.22,13.6,1.9
Бутурлиновка,37.72,36.9635127991591,24319,,644.72,1.61,8.9,1.1
Асино,90,48.1800373545718,24141,2019,268.23,1.45,15.7,2
Калач-на-Дону,18,16.8994533090192,23813,2019,1322.9444444444443,1.35,13.9,1.5
Котельнич,29.2,19.2454578020399,23682,2018,811.027397260274,1.3,15.5,1.6
Бавлы,18.2,12.6127215135812,22145,2019,1216.7582417582419,1.93,7.2,0.8
Северобайкальск,,107.714928598584,23673,2017,,1.31,18,2.8
Среднеуральск,83.8,17.9744920776383,23583,2019,281.42,1.85,9.7,1.3
Ипатово,16,19.3827947513816,23579,2019,1473.69,1.22,13.6,1.9
Сергач,20,19.9492965216031,20416,2017,1020.8,1.61,9.5,1.2
Давлеканово,,38.6056690386702,23499,2019,,1.54,12.1,1.9
Кувандык,42.06,30.0458192980561,23373,2019,555.71,1.43,13.8,1.9
Гусиноозёрск,,27.504510543105,23280,2017,,1.31,18,2.8
Зея,45,26.0310177946544,23270,2018,517.1111111111111,1.5,15.1,2.5
Оленегорск,38.8,38.629626247757,20697,2019,43.74,1.83,12.3,1.2
Колпашево,35,37.9429409423866,23209,2018,663.11,1.45,15.7,2
Исилькуль,39,35.6652972651735,23151,2017,593.62,1.51,13.5,1.8
Бобров,22,25.9497498669516,20460,2018,930,1.61,8.9,1.1
Железногорск-Илимский,102,23.3250866333237,23137,2019,226.83333333333334,1.36,18.1,2.3
Таштагол,79,80.3880933228939,23117,2019,292.62,1.4,15,1.7
Унеча,15,,23097,2019,1539.8,1.44,13.2,1.8
Фокино,24,24.5082853249308,12818,2019,534.08,1.44,13.2,1.8
Фокино,16,17.5994883289057,23077,2018,1442.3125,1.51,13.9,2
Красноармейск,11,19.6602808506964,22994,2018,2090.3636363636365,1.35,16.2,2.1
Оха,20.982098,15.380532133377,20391,2019,971.828460623909,2.14,9.5,1.3
Армянск,16.2,6.06009328812392,21552,2019,1330.3703703703704,1.17,17.2,2.3
Бородино,35.17,37.2175625680001,16061,2019,458.89,1.48,18.2,3
Красноармейск,,6.65399757790553,26463,2019,169.63,2.02,7.7,0.8
Буинск,7,15.4291180515773,20681,2019,2954.43,1.93,7.2,0.8
Электроугли,4.5,8.06383151354013,20670,2019,4981.78,2.02,7.7,0.8
Невьянск,39.13,16.0604092405499,22943,2019,592,1.85,9.7,1.3
Зарайск,20.5,21.781204855346,22887,2019,1116.44,2.02,7.7,0.8
Электрогорск,39.81,39.8220313114984,22842,2019,573.78,2.02,7.7,0.8
Калачинск,24,23.7887625897818,22781,2017,949.2083333333334,1.51,13.5,1.8
Вельск,26.5,,22776,2017,859.47,1.54,12.6,1.5
Онега,164,35.3104588030922,19381,2017,118.18,1.54,12.6,1.5
Шахунья,,,20183,2017,,1.61,9.5,1.2
Бодайбо,11,40.2461803638414,11931,2019,1384,1.36,18.1,2.3
Бронницы,22.16,8.23296457219389,22643,2019,1021.8,2.02,7.7,0.8
Лермонтов,31,7.8449130829117,22601,2019,729.0645161290323,1.22,13.6,1.9
Гурьевск,10,9.50010799335049,18317,2019,1831.7,1.42,13.8,1.5
Гурьевск,90,55.9043036883004,22569,2019,250.77,1.4,15,1.7
Коммунар,1353.25,12.1291604623193,22522,2019,1773.39,1.55,9.4,0.9
Никольское,10,9.83306133226114,22490,2019,2249,1.55,9.4,0.9
Старая Купавна,10.62,12.1467705703438,22476,2019,2116.38,2.02,7.7,0.8
Хадыженск,17,14.4687065020819,22315,2019,1312.6470588235295,1.64,10.9,1.5
Усть-Катав,27.45,15.8383855859389,22042,2019,802.99,1.48,13.3,1.4
Омутнинск,,18.9964453586242,22009,2018,,1.3,15.5,1.6
Вилючинск,341.24,3.13165611211211,21973,2018,64.39,1.59,16.5,2
Звенигород,48.1,47.9788687786188,21931,2019,455.95,2.02,7.7,0.8
Котово,18,19.1982338815054,21780,2019,1210,1.35,13.9,1.5
Светлый,26,27.1889716578707,21679,2019,833.8076923076923,1.42,13.8,1.5
Верещагино,,17.4427967970645,21648,2019,,1.5,14.9,2.4
Тарко-Сале,,43.1013536663802,21583,2019,,3.05,6.2,0.8
Ряжск,21,33.4886095662044,21189,2019,1009,1.4,12.7,1.5
Бежецк,17,15.5415353704378,21179,2018,1245.82,1.47,12,1.1
Тогучин,81,18.605113483234,21159,2017,261.22222222222223,1.55,16,2
Бологое,120,118.599104373707,21158,2018,176.31666666666666,1.47,12,1.1
Черноголовка,2.023,8.04942551691018,21059,2019,10409.79,2.02,7.7,0.8
Никольск,,18.7213516870319,20572,2018,,1.33,13.5,1.4
Карачаевск,11.84,7.29286987606684,21047,2019,1777.62,1.04,24.5,3.6
Сысерть,20,14.1771277489559,21029,2019,1051.45,1.85,9.7,1.3
Дудинка,10.5,11.0698308804996,21015,2018,2001.43,1.48,18.2,3
Вихоревка,15,22.0781544824167,20955,2019,1397,1.36,18.1,2.3
Нижний Ломов,,15.4829063269107,20943,2018,,1.33,13.5,1.4
Оса,105.7,9.79552025277636,20899,2019,197.71996215704826,1.5,14.9,2.4
Калтан,32.36,34.1647281628123,20610,2019,791,1.4,15,1.7
Куровское,9,8.37819245337057,20605,2019,2289.4444444444443,2.02,7.7,0.8
Алдан,33,34.5503552824279,20595,2018,627.2,1.68,19.1,3.6
Рошаль,34.99,35.0190076246941,20225,2019,578.0222920834524,2.02,7.7,0.8
Котельниково,40,15.2101461869429,20195,2019,504.875,1.35,13.9,1.5
Няндома,21,20.3774781718931,20143,2017,959.1904761904761,1.54,12.6,1.5
Козьмодемьянск,13.41,15.0849726250593,20134,2019,1501.42,1.16,21.5,3.5
Рыбное,15.36,11.1512572859296,20125,2019,1310.2213541666667,1.4,12.7,1.5
Кубинка,4,9.59750370289169,20104,2019,5026,2.02,7.7,0.8
Ковылкино,,13.5305837322702,20072,2017,,1.18,18.4,2.3
Катав-Ивановск,24.7,10.8232378762622,16088,2017,651.34,1.48,13.3,1.4
Алагир,26.76,13.2439667088671,20013,2019,747.87,1.37,14.2,1.7
Бакал,50,9.85885808696417,19590,2017,391.8,1.48,13.3,1.4
Кяхта,28,21.174655005459,20013,2017,714.75,1.31,18,2.8
Дрезна,2,2.64241861615291,20000,2019,10000,2.02,7.7,0.8
Пикалёво,38,38.0452628877231,19981,2019,525.82,1.55,9.4,0.9
Усмань,,11.7634773428139,19956,2018,1576.3,1.76,8.7,1
Боготол,62.81,68.9333665296415,19819,2019,325.38,1.48,18.2,3
Агрыз,8.6,10.7496713995693,19794,2019,2301.63,1.93,7.2,0.8
Мурино,13.36,13.0694909174774,19775,2017,1480.1646706586828,1.55,9.4,0.9
Черепаново,20,24.6640805981412,19612,2017,980.6,1.55,16,2
Ершов,21,21.4724010366234,19590,2018,932.8571428571429,1.35,16.2,2.1
Белоярский,,70.661771038722,19542,2019,,2.14,10.7,1.4
Нижняя Тура,42,15.4707389257183,19535,2019,465.1190476190476,1.85,9.7,1.3
Терек,12,9.94206185089414,19494,2019,1624.5,1.17,24.2,4.2
Губаха,58,21.2315121099954,19472,2019,335.7241379310345,1.5,14.9,2.4
Новый Оскол,23.63,22.4755206270165,18538,2019,784.51,1.76,7.4,0.8
Покров,19,20.7773852227187,17025,2018,896.05,1.29,12.8,1.3
Зверево,31.21,10.7614817066832,19456,2017,604.22,1.48,13.3,2
Николаевск-на-Амуре,17,28.2981947077533,18159,2019,1068.1764705882354,1.71,12,1.6
Уяр,27.7,52.7595291857146,11921,,430.3610108303249,1.48,18.2,3
Ардон,29.14,11.6431945502005,19331,2019,686.79,1.37,14.2,1.7
Пролетарск,14,15.670607947238,19290,2017,1377.857142857143,1.48,13.3,2
Лебедянь,,17.6681650499329,19288,2018,,1.76,8.7,1
Лодейное Поле,,11.417489910472,19270,2019,,1.55,9.4,0.9
Волоколамск,30,33.1138387453218,19162,2019,638.7333333333333,2.02,7.7,0.8
Данков,21,19.1413073382566,19017,2018,905.5714285714286,1.76,8.7,1
Кирсанов,10.9,11.6177532139304,16409,2018,1505.41,1.61,10.2,1.1
Володарск,24.97,9.54573370242055,10021,2017,401.32,1.61,9.5,1.2
Окуловка,,,10011,2019,,1.49,13.8,1.4
Кировград,10,13.2630166488815,18956,2019,1895.6,1.85,9.7,1.3
Щигры,21,22.7900636373703,15292,2018,728.19,1.6,9.9,1
Сортавала,10,11.8193560085525,18847,2019,1884.7,1.45,16.9,1.8
Калач,20,21.3681073428852,18834,2018,941.7,1.61,8.9,1.1
Льгов,37.4,36.812916142399,18774,2018,501.98,1.6,9.9,1
Абдулино,47,53.2543578473128,18768,2019,399.32,1.43,13.8,1.9
Нефтегорск,6,10.5779046509008,18119,2017,3019.8333333333335,1.56,13.1,1.7
Шимановск,50,45.1978991910589,18643,2018,372.86,1.5,15.1,2.5
Юрьев-Польский,10,7.71553458846001,18433,2018,1.96,1.29,12.8,1.3
Суровикино,33.433,17.6349748908213,18375,2019,549.61,1.35,13.9,1.5
Нытва,,24.5428999695554,18366,2019,,1.5,14.9,2.4
Нелидово,,19.0960086200206,18351,2019,,1.47,12,1.1
Стародуб,22,14.3141747832057,18321,2019,832.77,1.44,13.2,1.8
Чегем,73,13.4761084766699,18264,2019,250.19,1.17,24.2,4.2
Приозерск,16.5,22.4604540065208,18229,2019,1104.79,1.55,9.4,0.9
Слюдянка,38,,18190,2019,478.68,1.36,18.1,2.3
Белоозёрский,,2.84219343666075,18090,2019,,2.02,7.7,0.8
Яровое,44.38,53.2185673487904,18052,2019,406.76,1.31,17.8,2.7
Харабали,25,9.6556064507917,18031,2017,721.24,1.36,16,2.1
Покачи,21.84,22.6611089713537,17987,2019,823.58,2.14,10.7,1.4
Белогорск,,103.296648960112,66183,2018,569,1.5,15.1,2.5
Белогорск,5.42,14.9213263878701,16405,2019,3026.75,1.17,17.2,2.3
Новоаннинский,,14.2431544013136,16112,2019,,1.35,13.9,1.5
Тотьма,45.4,8.83763921049209,9895,2017,217.95,1.43,13.8,1.5
Кукмор,,13.2314099390504,17815,2019,,1.93,7.2,0.8
Енисейск,66.41,66.1401802785803,17805,2019,268.15,1.48,18.2,3
Собинка,19.68,8.93564851364496,17799,2018,904.42,1.29,12.8,1.3
Инза,22,20.1886785930338,17714,2017,805.1818181818181,1.32,15.3,1.9
Пласт,87.62,26.2335280584372,17648,2017,201.42,1.48,13.3,1.4
Полярный,358.05,,17605,2019,49.169110459433035,1.83,12.3,1.2
Камызяк,24.08,6.0791184826548,15984,2018,663.7873754152824,1.36,16,2.1
Куса,15,16.1739773715655,17368,2017,1157.8666666666666,1.48,13.3,1.4
Шумиха,,19.9477764383979,17542,2017,,1.14,19.4,2.8
Карачев,15,14.2228483922439,17466,2019,1164.4,1.44,13.2,1.8
Суворов,25.64,7.315296226925,17450,2018,681.64,1.54,9.7,0.9
Бикин,,35.3240122353816,15946,2019,,1.71,12,1.6
Зеленоградск,17,18.9239549784427,15946,2019,938,1.42,13.8,1.5
Райчихинск,225.5,20.1000273376525,17372,2018,77.03769401330376,1.5,15.1,2.5
Голицыно,20,5.36838482087305,17368,2019,868.4,2.02,7.7,0.8
Козельск,10,17.9089448977929,16389,2019,1638.9,1.54,10.9,1.1
Гаврилов-Ям,11,12.7538152171066,17351,2017,1577.3636363636363,1.47,10.5,1
Нижняя Салда,,39.1689528776904,17345,2019,,1.85,9.7,1.3
Константиновск,298,13.4463841389789,17317,2017,58.11073825503356,1.48,13.3,2
Приволжск,16,10.4375916309557,15824,2017,989,1.37,14.6,1.7
Баймак,139,15.9872374999307,17254,2019,124.12949640287769,1.54,12.1,1.9
Туринск,28,14.6202411967223,17060,2019,609.29,1.85,9.7,1.3
Мензелинск,,9.74477633619108,17030,2019,,1.93,7.2,0.8
Поворино,18,14.0704266921011,17025,2018,945.83,1.61,8.9,1.1
Подпорожье,2025,20.5039688309763,16942,2019,8.36641975308642,1.55,9.4,0.9
Галич,16.5,17.4239462141008,16922,2017,1025.58,1.51,12.7,1.1
Судак,23.477,11.5266110488949,16766,2019,713.72,1.17,17.2,2.3
Новомичуринск,26,4.71808050963969,16503,2019,648,1.4,12.7,1.5
Куртамыш,,25.2207782373304,16702,2017,172.19,1.14,19.4,2.8
Жуковка,13,12.3619202327847,16671,2019,1282.3846153846155,1.44,13.2,1.8
Навашино,13,13.6960093005459,15051,2017,1157.7692307692307,1.61,9.5,1.2
Красновишерск,18.57,11.5896239482208,15022,2019,808.94,1.5,14.9,2.4
Волгореченск,17.83,16.3462912273036,16653,2017,933.9876612450927,1.51,12.7,1.1
Почеп,20,24.0415042277327,16539,2019,826.95,1.44,13.2,1.8
Сельцо,33.08,8.55430093007271,16532,2019,499.758162031439,1.44,13.2,1.8
Петровск-Забайкальский,300,48.7005162883012,16524,2017,55.08,1.32,21,3.4
Ковдор,8,,16435,2019,2054.375,1.83,12.3,1.2
Касли,39.76,16.7470274635577,16263,2017,409.02917505030183,1.48,13.3,1.4
Барыш,14,15.5213338230956,16147,2017,1153.357142857143,1.32,15.3,1.9
Плавск,8.64,6.20051449808988,15920,2018,1842.5925925925924,1.54,9.7,0.9
Кодинск,7,61.1779254500585,15911,2019,2273,1.48,18.2,3
Данилов,,11.7444462445731,14868,2017,1239,1.47,10.5,1
Талица,64,19.6223241374909,15875,2019,248.05,1.85,9.7,1.3
Мамадыш,15,15.4029769547438,15851,2019,1056.7333333333333,1.93,7.2,0.8
Анадырь,20,7.41122028974663,15849,2019,792.45,2.38,9.5,1.2
Дегтярск,19,,15828,2019,833.05,1.85,9.7,1.3
Калининск,24,29.1630299749526,15821,2018,659.21,1.35,16.2,2.1
Ясногорск,11.75,11.94290539156,15706,2018,1336.68,1.54,9.7,0.9
Осташков,,13.0469660604554,15666,2019,,1.47,12,1.1
Курильск,1,1.30831962366916,1591,2019,1591,2.14,9.5,1.3
Новоузенск,43,24.0065545362179,15665,2018,364.30232558139534,1.35,16.2,2.1
Ивдель,50,44.8975874260166,15659,2019,313.18,1.85,9.7,1.3
Болотное,59,12.1725804323495,15629,2017,264.9,1.55,16,2
Иланский,52,47.3112193764816,14967,2019,287.8269230769231,1.48,18.2,3
Межгорье,,11.9322045980164,15603,2019,,1.54,12.1,1.9
Ужур,38.9,25.4053078752342,15563,2019,26.47,1.48,18.2,3
Нерчинск,100,13.0241475624603,14912,2017,149.12,1.32,21,3.4
Жирновск,27,25.8799007304955,15516,2019,574.6666666666666,1.35,13.9,1.5
Цивильск,7,4.71352982696624,14328,2017,2046.857142857143,1.15,18.3,2.1
Кирс,,13.8677340511384,9453,2018,,1.3,15.5,1.6
Светогорск,49.54,5.98328489036463,15398,2019,310.82,1.55,9.4,0.9
Ясный,67,51.8939822367801,15264,2019,227.82089552238807,1.43,13.8,1.9
Бокситогорск,13,30.1818829848963,15249,2019,1173,1.55,9.4,0.9
Арамиль,21.82,16.3505248397748,15236,2019,698.26,1.85,9.7,1.3
Мантурово,16,23.0173164436598,15203,2019,950.19,1.51,12.7,1.1
Белокуриха,92.3,94.9101701044885,15160,2019,164.24702058504877,1.31,17.8,2.7
Пестово,,17.3589424810845,15137,2019,,1.49,13.8,1.4
Грязовец,,14.6352477820796,14916,2017,,1.43,13.8,1.5
Заполярный,12,4.61836691467668,14902,2019,1241.8333333333333,1.83,12.3,1.2
Шлиссельбург,16.41,12.8154321931193,14845,2019,904.63,1.55,9.4,0.9
Невель,23,23.5660572065749,14819,2019,644.304347826087,1.32,17.5,2.2
Карабаново,11.11,11.3757321645974,14786,2018,1344.18,1.29,12.8,1.3
Сухиничи,,23.8483594039553,14736,2019,,1.54,10.9,1.1
Кондрово,19,21.9683326885311,14697,2019,773.53,1.54,10.9,1.1
Палласовка,35,35.7453675833807,14658,2019,418.8,1.35,13.9,1.5
Ленинск,,21.9295069186251,14626,2019,,1.35,13.9,1.5
Старый Крым,9.97,9.13258879545433,9432,2019,946.04,1.17,17.2,2.3
Агидель,,11.3014249329027,14601,2019,,1.54,12.1,1.9
Цимлянск,,12.4809767011879,14558,2017,,1.48,13.3,2
Красный Кут,8,9.3702201397793,14483,2018,1810.375,1.35,16.2,2.1
Полярные Зори,940,,14389,2019,15.307446808510639,1.83,12.3,1.2
Светлогорск,21,20.2052324918899,14355,2019,683.57,1.42,13.8,1.5
Лакинск,9.67,7.14744408515394,14330,2018,1481.9,1.29,12.8,1.3
Яхрома,17,10.5536802178638,14297,2018,841,2.02,7.7,0.8
Медвежьегорск,14,11.1801796135481,14249,2019,1017.7857142857143,1.45,16.9,1.8
Очёр,39,12.1619541670393,14237,2019,110,1.5,14.9,2.4
Жердевка,,21.4485095291047,14214,2018,,1.61,10.2,1.1
Венёв,,9.24088205592569,14191,2018,1516.13,1.54,9.7,0.9
Кизел,75.81,23.8219983474988,14162,2019,186.81,1.5,14.9,2.4
Лукоянов,,11.5494829931593,14136,2017,,1.61,9.5,1.2
Валдай,,11.8413077053288,14119,2019,,1.49,13.8,1.4
Кашин,,11.7185523615093,14094,2019,,1.47,12,1.1
Чудово,14,21.1131376936592,14056,2019,1004,1.49,13.8,1.4
Новоульяновск,15.6,9.68624142250952,13990,2018,896.7948717948718,1.32,15.3,1.9
Жуков,10.3,10.855267809652,13569,2019,1317.38,1.54,10.9,1.1
Дубовка,20,18.3708656328753,13805,2019,690.25,1.35,13.9,1.5
Меленки,,15.4395093463045,13789,2018,1253.55,1.29,12.8,1.3
Купино,32,37.1283914878543,13781,2017,430.66,1.55,16,2
Трубчевск,14,15.0553378676293,13695,2019,978.2142857142857,1.44,13.2,1.8
Сим,33,,13170,2017,399.09090909090907,1.48,13.3,1.4
Николаевск,,10.7242908767069,13653,2019,,1.35,13.9,1.5
Первомайск,,16.5224710287495,13626,2017,,1.61,9.5,1.2
Гаджиево,135,7.36969820213514,13259,2019,98.21481481481482,1.83,12.3,1.2
Ак-Довурак,,55.0518800283111,13580,2018,,0.88,40.1,9.2
Пересвет,19,1.57582786989026,13574,2019,714.4,2.02,7.7,0.8
Кремёнки,,1.34503439826847,10416,2019,,1.54,10.9,1.1
Могоча,20,22.9029155856029,13442,2017,672.1,1.32,21,3.4
Обоянь,12,11.9187278946994,13413,2017,1117.75,1.6,9.9,1
Гвардейск,12,14.2492775399602,13190,2019,1099.1666666666667,1.42,13.8,1.5
Белёв,8.58,8.3237952968255,13180,2018,1536.13,1.54,9.7,0.9
Краснозаводск,,34.833824933903,12927,2019,,2.02,7.7,0.8
Лагань,91.38,14.2280058127927,13137,2017,143.7623112278398,0.99,24.2,3.4
Петушки,12,12.8978181773431,13112,2018,1092.67,1.29,12.8,1.3
Струнино,10.08,11.7415866780237,13094,2018,1299.0079365079364,1.29,12.8,1.3
Катайск,,17.9043798492416,12585,2017,,1.14,19.4,2.8
Руза,17.38,8.46748117842853,12973,2019,746.4326812428079,2.02,7.7,0.8
Емва,,15.8633147536115,12906,2017,,1.56,16.5,2.5
Южа,13,11.3983973308415,12834,2017,987.2307692307693,1.37,14.6,1.7
Гороховец,13,15.4418578474202,12799,2018,984.5384615384615,1.29,12.8,1.3
Шилка,105,14.1283309587158,12784,2017,121.75,1.32,21,3.4
Свирск,38.62,19.7561246330025,12779,2019,330.89,1.36,18.1,2.3
Сясьстрой,,13.7109241144466,12549,2019,,1.55,9.4,0.9
Петров Вал,,,12528,2019,,1.35,13.9,1.5
Далматово,170,10.2804528105687,12772,2017,75.13,1.14,19.4,2.8
Калязин,,9.67977215577183,12770,2018,,1.47,12,1.1
Адыгейск,12.57,7.50660209846756,12728,2019,1012.57,1.51,13.3,2
Белая Холуница,12,10.6289286754399,10406,2018,867.1666666666666,1.3,15.5,1.6
Горняк,,20.5666185650793,12654,2018,,1.31,17.8,2.7
Талдом,46.17,7.8408780131379,12652,2019,274.0307559021009,2.02,7.7,0.8
Снежногорск,23.1,,12638,2019,547.099567099567,1.83,12.3,1.2
Волосово,8,6.47294880346858,11909,2019,1488.625,1.55,9.4,0.9
Камешково,,8.6355940567289,12496,2018,,1.29,12.8,1.3
Байкальск,819.25,11.1080069187713,12495,2019,15.251754653646628,1.36,18.1,2.3
Хвалынск,46,11.9795696363076,12391,2018,269.3695652173913,1.35,16.2,2.1
Урень,,10.3051913486166,12385,2017,,1.61,9.5,1.2
Александровск,,8.71956979023987,12222,2019,,1.5,14.9,2.4
Аркадак,16,10.7278910763764,11895,2018,755.5,1.35,16.2,2.1
Чаплыгин,11,8.61227701151843,11802,2018,1072.909090909091,1.76,8.7,1
Новая Ляля,20,11.5963172495432,11753,2019,587.65,1.85,9.7,1.3
Нязепетровск,27,14.3317677198182,11752,2017,435.25925925925924,1.48,13.3,1.4
Юрюзань,20,,11685,2017,584.25,1.48,13.3,1.4
Долинск,11,12.1334195493705,11685,2019,1062.2727272727273,2.14,9.5,1.3
Удачный,2,5.40200368012251,11676,2018,5838,1.68,19.1,3.6
Боровск,10.44,12.2372675794932,10507,2019,1006.4176245210729,1.54,10.9,1.1
Лихославль,16,12.6990652741446,11594,2018,724.625,1.47,12,1.1
Чкаловск,7,6.66438446966831,11569,2017,1652.7142857142858,1.61,9.5,1.2
Бабаево,14.88,,11493,2017,772.3790322580645,1.43,13.8,1.5
Пионерский,8.3,2.26515174525571,11454,2019,1372,1.42,13.8,1.5
Сорск,70,1311.48605459837,11416,2018,163.09,1.18,18.3,2.4
Балей,49,17.5332621468166,11370,2017,232.0408163265306,1.32,21,3.4
Горнозаводск,,10.1110850782108,11274,2019,,1.5,14.9,2.4
Богучар,13,12.856723078877,11270,2018,866.92,1.61,8.9,1.1
Чулым,203,21.4084627748373,11270,2017,55.51724137931034,1.55,16,2
Ермолино,7,7.77407002527266,10204,2019,1457.7142857142858,1.54,10.9,1.1
Михайлов,8,10.8588462935502,10072,2019,1259,1.4,12.7,1.5
Называевск,,63.0538066769047,11249,2017,,1.51,13.5,1.8
Закаменск,59.22,11.7083550445315,11249,2017,189.95271867612294,1.31,18,2.8
Кораблино,,4.10491150942323,11188,2019,,1.4,12.7,1.5
Карабаш,686,22.3019334574882,11178,2017,16.29,1.48,13.3,1.4
Тетюши,9,10.8616187724807,11136,2019,1237.3333333333333,1.93,7.2,0.8
Заозёрск,516,,9656,2019,18.713178294573645,1.83,12.3,1.2
Красавино,,5.60307987336512,6084,2017,,1.43,13.8,1.5
Нариманов,,5.51581455476722,11118,2017,,1.36,16,2.1
Болхов,11.87,13.2318721604266,11097,2018,934.88,1.49,13.7,1.6
Невельск,9,9.5479648085997,9996,2019,1110.67,2.14,9.5,1.3
Вилюйск,15,7.34605684005976,11095,2018,739.6666666666666,1.68,19.1,3.6
Звенигово,,,11049,2019,,1.16,21.5,3.5
Киренск,21,23.6052312792842,11046,2019,526,1.36,18.1,2.3
Сосновка,,8.47525575505284,11027,2018,,1.3,15.5,1.6
Шагонар,59,,10995,2018,186.35593220338984,0.88,40.1,9.2
Неман,14,14.6647274176652,10864,2019,776,1.42,13.8,1.5
Кемь,21,13.3803885509634,10861,2019,517.1904761904761,1.45,16.9,1.8
Хилок,13,20.8107108554172,10724,2017,824.9230769230769,1.32,21,3.4
Завитинск,11.5,14.7499303471325,10721,2018,932.2608695652174,1.5,15.1,2.5
Верхний Тагил,19.91,6.70944922330017,10672,2019,711.47,1.85,9.7,1.3
Южно-Сухокумск,91.7,4.26023770045111,10641,2019,116.04,1.48,15.2,2.3
Ворсма,22.78,12.39354351747,10589,2017,464.83757682177344,1.61,9.5,1.2
Зубцов,,6.90895521545364,6300,2018,,1.47,12,1.1
Сосенский,,3.60593969891683,10537,2019,,1.54,10.9,1.1
Змеиногорск,34.057,14.8712019693027,10533,2018,323.1,1.31,17.8,2.7
Камбарка,26.473,8.50170338642336,10477,2017,395.76,1.43,12,1.3
Зуевка,40,15.4023430522703,10447,2018,261.175,1.3,15.5,1.6
Судогда,12,7.51708112915129,10442,2018,870.17,1.29,12.8,1.3
Высоковск,4,5.77067052432745,10394,2019,2598.5,2.02,7.7,0.8
Заволжск,8,8.75597343901133,10384,2017,1298,1.37,14.6,1.7
Уржум,7,7.5883225942198,9919,2018,1417,1.3,15.5,1.6
Малая Вишера,29,10.8542396535295,10371,2019,357.62068965517244,1.49,13.8,1.4
Магас,12.63,11.2213947718172,10333,2019,818.13,1.05,31.9,5.6
Тюкалинск,,44.9289370048928,10326,2017,,1.51,13.5,1.8
Питкяранта,,,10307,2019,,1.45,16.9,1.8
Петухово,,23.7010910313631,10304,2017,,1.14,19.4,2.8
Заозёрный,11,24.1802931933405,10286,2017,935.09,1.48,18.2,3
Эртиль,20,30.2958294697143,10265,2018,513.25,1.61,8.9,1.1
Опочка,23.91,12.0448543411701,9902,2019,414.1363446256796,1.32,17.5,2.2
Щёлкино,3.42,0.9597581670564,10260,2019,300,1.17,17.2,2.3
Луза,,,10232,2018,,1.3,15.5,1.6
Вытегра,16,9.65470055701963,10232,2017,639.5,1.43,13.8,1.5
Вуктыл,,8.75215111691252,10205,2017,,1.56,16.5,2.5
Дигора,9.19,14.9393504320213,10072,2019,1095.97,1.37,14.2,1.7
Каргополь,13,27.413428367163,10055,2017,773.46,1.54,12.6,1.5
Ивангород,7.7,8.5685726245895,9816,2019,1274.81,1.55,9.4,0.9
Белоусово,,3.06340834411653,9811,2019,,1.54,10.9,1.1
Дорогобуж,10,13.3176316776314,9793,2018,979.3,1.35,16.3,2.5
Нюрба,19,21.4203164076567,9786,2018,515.0526315789474,1.68,19.1,3.6
Щучье,35,45.128558785303,9775,2017,279.29,1.14,19.4,2.8
Нолинск,,6.55192999832067,9722,2018,,1.3,15.5,1.6
Микунь,,7.94127492816561,9684,2019,,1.56,16.5,2.5
Кола,10,,9681,2019,968.1,1.83,12.3,1.2
Печоры,20.55,16.2155109229176,9670,2019,470.56,1.32,17.5,2.2
Суздаль,15,15.0551897623244,9618,2018,641.2,1.29,12.8,1.3
Задонск,12.58,10.664586929346,9614,2018,764.23,1.76,8.7,1
Краснослободск,,11.4506563317551,9556,2017,,1.18,18.4,2.3
Краснослободск,84,7.6105904761325,17281,2019,205.72619047619048,1.35,13.9,1.5
Наволоки,,4.98842536927409,9546,2017,,1.37,14.6,1.7
Каргат,69,13.4153881020002,9519,2017,137.95652173913044,1.55,16,2
Беломорск,13,19.7585273149762,9498,2019,730.6153846153846,1.45,16.9,1.8
Рудня,17,12.5812654344628,9484,2018,557.88,1.35,16.3,2.5
Анива,8,5.68009034152673,9405,2019,1175.625,2.14,9.5,1.3
Александровск-Сахалинский,22,9.25809910336155,9346,2019,424.8181818181818,2.14,9.5,1.3
Миньяр,132,,9342,2017,70.77272727272727,1.48,13.3,1.4
Верхнеуральск,50,10.5861444162558,9312,2017,186.24,1.48,13.3,1.4
Покровск,11,7.15421525361094,9256,2018,841.4545454545455,1.68,19.1,3.6
Сковородино,22,8.75425800855824,9231,2018,419.59090909090907,1.5,15.1,2.5
Олёкминск,12,7.51454326191061,9213,2018,767.75,1.68,19.1,3.6
Харовск,10,10.8133809295947,9185,2017,918.5,1.43,13.8,1.5
Чадан,104,,9139,2018,87.875,0.88,40.1,9.2
Нижние Серги,,13.5954811961168,9109,2019,,1.85,9.7,1.3
Таруса,12,15.4469284866684,9070,2019,755.83,1.54,10.9,1.1
Кувшиново,18,52.8581922678126,9068,2018,503.77777777777777,1.47,12,1.1
Козловка,,7.34492402895808,9058,2017,,1.15,18.3,2.1
Болохово,,3.7389358583353,9043,2018,,1.54,9.7,0.9
Ельня,15,16.2354358745095,8993,2018,599.5333333333333,1.35,16.3,2.5
Верхняя Тура,,12.1656448386912,8987,2019,599.13,1.85,9.7,1.3
Нея,,12.8615268284641,8964,2017,,1.51,12.7,1.1
Перевоз,,5.79877589816261,8928,2017,,1.61,9.5,1.2
Белозерск,,7.86259421248679,8914,2017,,1.43,13.8,1.5
Городовиковск,,13.8688831510449,8798,2017,,0.99,24.2,3.4
Суоярви,9,,8781,2019,975.6666666666666,1.45,16.9,1.8
Мариинский Посад,9,10.0324885263414,8755,2017,972.7777777777778,1.15,18.3,2.1
Дмитровск,43.57,7.40695182003526,5105,2018,117.17,1.49,13.7,1.6
Серафимович,7,33.3015855144844,8749,2019,1249.857142857143,1.35,13.9,1.5
Макушино,,13.1850825136258,7810,2017,,1.14,19.4,2.8
Ардатов,,6.6117137879517,8734,2017,,1.18,18.4,2.3
Пудож,8,7.06702216935724,8718,2019,1089.75,1.45,16.9,1.8
Устюжна,8.33,8.74409302228499,8712,2017,1045.8583433373349,1.43,13.8,1.5
Углегорск,,21.6996680723814,8687,2019,,2.14,9.5,1.3
Сольцы,10.15,11.0692020841265,8675,2019,854.68,1.49,13.8,1.4
Лаишево,,7.34799341637216,8647,2019,,1.93,7.2,0.8
Теберда,,12.1550064735091,8644,2019,,1.04,24.5,3.6
Верхотурье,,12.8609482853688,8593,2019,,1.85,9.7,1.3
Порхов,,8.01642750641606,8535,2019,,1.32,17.5,2.2
Волчанск,63,60.1767673719981,8562,2019,135.9047619047619,1.85,9.7,1.3
Починок,7,10.4777157652486,8545,2018,1220.7142857142858,1.35,16.3,2.5
Липки,,2.10569177110163,8541,2018,,1.54,9.7,0.9
Облучье,28,13.3573510749072,8540,2018,305,1.12,24.6,3.6
Белинский,,7.67138633516123,7694,2018,,1.33,13.5,1.4
Ветлуга,,6.92472086367891,8501,2017,,1.61,9.5,1.2
Гремячинск,65,46.9293804528646,8454,2019,130.06153846153848,1.5,14.9,2.4
Ядрин,55,4.78088866914738,8451,2017,153.65,1.15,18.3,2.1
Бирюсинск,23,19.0012942385078,8430,2019,366.5217391304348,1.36,18.1,2.3
Болгар,116,5.45545249251077,8381,2019,72.25,1.93,7.2,0.8
Юрьевец,8,11.3341299772889,8378,2017,1047.25,1.37,14.6,1.7
Комсомольск,7,8.47719451141193,8366,2017,1195.142857142857,1.37,14.6,1.7
Сычёвка,8,,8220,2018,1027.5,1.35,16.3,2.5
Костерёво,14.33,3.36336255656935,8216,2018,573.34,1.29,12.8,1.3
Инсар,,12.0221980681625,8169,2017,,1.18,18.4,2.3
Медынь,,15.5516324616438,8133,2019,,1.54,10.9,1.1
Западная Двина,,9.90912607028426,8089,2018,,1.47,12,1.1
Олонец,6,,8070,2019,1345,1.45,16.9,1.8
Алупка,4,4.9681776146081,8067,2019,2016.75,1.17,17.2,2.3
Новая Ладога,,10.6496833664441,8027,2019,,1.55,9.4,0.9
Мамоново,20.85,6.80275082874793,7988,2019,383.12,1.42,13.8,1.5
Городище,,8.06151863524896,7885,2018,,1.33,13.5,1.4
Старица,,7.57782637269918,7676,2018,,1.47,12,1.1
Дно,,10.2949562765913,7525,2019,,1.32,17.5,2.2
Кириллов,,6.43845310807177,7482,2017,,1.43,13.8,1.5
Малмыж,,8.64800283095935,7422,2018,,1.3,15.5,1.6
Советск,44.4,25.0894432865698,39150,2019,881.76,1.42,13.8,1.5
Советск,26.38,27.7626501511841,15538,2018,589,1.3,15.5,1.6
Советск,,10.7867651733823,7405,2018,,1.54,9.7,0.9
Салаир,,37.678630875193,7327,2019,,1.4,15,1.7
Бирюч,,9.85494186855583,7276,2019,,1.76,7.4,0.8
Мглин,,11.5858513864439,7258,2019,,1.44,13.2,1.8
Лахденпохья,9,,7158,2019,795.3333333333334,1.45,16.9,1.8
Спасск,,12.3751844460941,7106,2018,,1.33,13.5,1.4
Новосокольники,,14.4775701198841,7105,2019,,1.32,17.5,2.2
Андреаполь,13,13.499315806357,7079,2018,695,1.47,12,1.1
Пучеж,6,4.95377309286749,7078,2017,1179.6666666666667,1.37,14.6,1.7
Оханск,,5.65336345807271,7064,2019,,1.5,14.9,2.4
Княгинино,,6.69231876249694,7062,2017,,1.61,9.5,1.2
Томмот,26,30.923484654214,6935,2018,266.7307692307692,1.68,19.1,3.6
Велиж,32,,6788,2018,212.13,1.35,16.3,2.5
Сретенск,36,16.971566991216,6643,2017,184.52777777777777,1.32,21,3.4
Макарьев,30,9.5669538804167,6632,2017,221.06666666666666,1.51,12.7,1.1
Дмитриев,,8.06152952582749,6619,2017,827.38,1.6,9.9,1
Севск,,6.76959255684873,6616,2019,,1.44,13.2,1.8
Орлов,4,4.21654397595021,6607,2018,1651.75,1.3,15.5,1.6
Сенгилей,6,6.78158787856496,6568,2017,1094.6666666666667,1.32,15.3,1.9
Спасск-Рязанский,,6.52605858146609,6544,2019,,1.4,12.7,1.5
Циолковский,60.61181,15.3736830793568,6535,2018,107.81727191449983,1.5,15.1,2.5
Каменногорск,,16.3910924898122,6445,2019,,1.55,9.4,0.9
Грайворон,10,8.02392983394644,6431,2019,643.1,1.76,7.4,0.8
Макаров,,1.40811779046545,6393,2019,,2.14,9.5,1.3
Усолье,16,11.6152937723256,6368,2019,398,1.5,14.9,2.4
Багратионовск,10.7,10.9806784338751,6304,2019,589.1588785046729,1.42,13.8,1.5
Темников,,7.84170076033838,6291,2017,,1.18,18.4,2.3
Сурск,,7.58161951550035,6254,2018,,1.33,13.5,1.4
Ладушкин,,5.23032831318261,3879,2019,,1.42,13.8,1.5
Весьегонск,,7.49682878453604,6219,2018,,1.47,12,1.1
Мураши,,6.61209043122476,6218,2018,,1.3,15.5,1.6
Демидов,33,,6213,2018,188.27,1.35,16.3,2.5
Новохопёрск,14,9.44304536079274,6108,2018,436.29,1.61,8.9,1.1
Правдинск,10,2.99371583332129,4099,2019,409.9,1.42,13.8,1.5
Фатеж,,4.42333119833785,5999,2017,,1.6,9.9,1
Курлово,,6.9783795227865,5992,2018,,1.29,12.8,1.3
Солигалич,8,8.49875829921589,5976,2017,747,1.51,12.7,1.1
Юхнов,5,9.17151075602506,5901,2019,1180.2,1.54,10.9,1.1
Шацк,,7.49989024143928,5894,2019,,1.4,12.7,1.5
Шенкурск,4,18.5140207004485,4847,2017,1211.75,1.54,12.6,1.5
Пошехонье,,7.6903884780573,5867,2017,,1.47,10.5,1
Короча,5,5.11468968450755,5843,2019,1168.6,1.76,7.4,0.8
Алзамай,48,7.77772265051627,5811,2019,121.0625,1.36,18.1,2.3
Мышкин,5,4.82518422118529,5738,2017,1147.6,1.47,10.5,1
Суджа,,4.45254012576531,5738,2017,1353.3,1.6,9.9,1
Гаврилов Посад,,6.05516361501955,5715,2017,,1.37,14.6,1.7
Чердынь,15,8.12907385409707,4634,2019,308.93,1.5,14.9,2.4
Певек,60.32,4.78302063003441,4053,2019,67.19,2.38,9.5,1.2
Приморск,,8.6835178131184,5623,2019,,1.55,9.4,0.9
Приморск,4,8.6835178131184,1961,2019,490.25,1.42,13.8,1.5
Шиханы,9.84,9.15774913798073,5560,2018,565.040650406504,1.35,16.2,2.1
Жиздра,,19.809776212135,5431,2019,,1.54,10.9,1.1
Мещовск,,6.98508521829148,3845,2019,,1.54,10.9,1.1
Пыталово,,6.69162333610987,5350,2019,,1.32,17.5,2.2
Чухлома,,4.93709639283557,5054,2017,,1.51,12.7,1.1
Злынка,,8.096792504322,5335,2019,,1.44,13.2,1.8
Билибино,22.15,4.37997468202548,5319,2019,240.14,2.38,9.5,1.2
Пустошка,11,10.0743843608703,3977,2019,361.54545454545456,1.32,17.5,2.2
Спас-Клепики,6,2.51655449391696,5243,2019,873.8333333333334,1.4,12.7,1.5
Красный Холм,,11.6022385641225,5140,2018,,1.47,12,1.1
Любим,,7.78043986107295,5125,2017,,1.47,10.5,1
Верея,5,7.00191490903179,5045,2019,1009,2.02,7.7,0.8
Туран,92,4.0797754441829,4879,2018,53.03260869565217,0.88,40.1,9.2
Кадников,,2.36565637203326,4588,2017,,1.43,13.8,1.5
Сусуман,,4.907992432344,4588,2019,,2.27,11.3,1.3
Бабушкин,9,4.15759560009307,4542,2017,504.6666666666667,1.31,18,2.8
Любань,7,7.97888108397598,4527,2019,646.7142857142857,1.55,9.4,0.9
Томари,,5.98066338007166,3761,2019,,2.14,9.5,1.3
Игарка,9.8,32.7870276456877,4417,2019,450.71,1.48,18.2,3
Спас-Деменск,,14.5013384189336,4265,2019,,1.54,10.9,1.1
Мосальск,,7.91742551991319,4190,2019,,1.54,10.9,1.1
Духовщина,11,4.4064999549802,4103,2018,373,1.35,16.3,2.5
Славск,10,2.37097872141377,4019,2019,401.9,1.42,13.8,1.5
Нестеров,8,3.15078934497444,3978,2019,497.25,1.42,13.8,1.5
Среднеколымск,20,5.12577152600855,3489,2018,11.59,1.68,19.1,3.6
Гдов,5,5.05055196104602,3412,2019,682.4,1.32,17.5,2.2
Холм,9,10.9428752451959,3392,2019,376.89,1.49,13.8,1.4
Чёрмоз,7.2,8.84300573266726,3381,2019,500,1.5,14.9,2.4
Мезень,6,6.09688537106395,3287,2017,547.8333333333334,1.54,12.6,1.5
Малоархангельск,3.44,3.95615122874105,3276,2018,952.33,1.49,13.7,1.6
Новоржев,8.6,7.80871393910513,3194,2019,371.3953488372093,1.32,17.5,2.2
Новосиль,5.14,5.77480708119658,3175,2018,617.7,1.49,13.7,1.6
Кологрив,6,4.65394932965165,3032,2017,505.3333333333333,1.51,12.7,1.1
Северо-Курильск,155,5.33972275908281,2485,2019,16.03,2.14,9.5,1.3
Верхоянск,25,4.67768353724548,1122,2018,44.88,1.68,19.1,3.6
Сольвычегодск,8,2.46480923392858,2098,2017,262.25,1.54,12.6,1.5
Горбатов,,4.83286222079194,1982,2017,,1.61,9.5,1.2
Плёс,,4.10034710237475,1796,2017,,1.37,14.6,1.7
Островной,76,4.33942698237362,1784,2019,23.473684210526315,1.83,12.3,1.2
Кедровый,1697,5.04330614221383,1750,2018,1.19,1.45,15.7,2
Артёмовск,24,6.30190830179712,1688,2018,70.33333333333333,1.48,18.2,3
Высоцк,39.81,0.902475956651904,1094,2019,27.480532529515195,1.55,9.4,0.9
Чекалин,,1.61730057266521,914,2018,,1.54,9.7,0.9
Иннополис,2.2,13.17785999472,407,2019,185,1.93,7.2,0.8
